city,date,no2
Lahore,2026-01-01,
Karachi,2026-01-01,1.1688474245645081E-4
Islamabad,2026-01-01,
Faisalabad,2026-01-01,
Rawalpindi,2026-01-01,
Multan,2026-01-01,3.905051183811915E-5
Peshawar,2026-01-01,3.959576797898873E-5
Gujranwala,2026-01-01,
Quetta,2026-01-01,2.3142758084907555E-5
Sialkot,2026-01-01,
Hyderabad,2026-01-01,3.186331849307714E-5
Bahawalpur,2026-01-01,3.821700328254876E-5
Sargodha,2026-01-01,5.709654786585065E-5
Sukkur,2026-01-01,4.282913748549695E-5
Larkana,2026-01-01,2.810573481279663E-5
Lahore,2026-01-02,9.120909582698289E-5
Karachi,2026-01-02,1.1410610417506588E-4
Islamabad,2026-01-02,8.511459397149261E-5
Faisalabad,2026-01-02,5.531596447698387E-5
Rawalpindi,2026-01-02,7.022661391910136E-5
Multan,2026-01-02,6.16602221529059E-5
Peshawar,2026-01-02,3.446381920409511E-5
Gujranwala,2026-01-02,4.116962475849166E-5
Quetta,2026-01-02,2.9164410888845653E-5
Sialkot,2026-01-02,5.118818200968122E-5
Hyderabad,2026-01-02,4.1468859108267893E-5
Bahawalpur,2026-01-02,3.260654910858999E-5
Sargodha,2026-01-02,3.3989721612239624E-5
Sukkur,2026-01-02,4.2254400944229585E-5
Larkana,2026-01-02,3.283377662017418E-5
Lahore,2026-01-03,1.3910940794517983E-4
Karachi,2026-01-03,1.9036491346908764E-4
Islamabad,2026-01-03,1.52139891610575E-4
Faisalabad,2026-01-03,
Rawalpindi,2026-01-03,1.5277467265461996E-4
Multan,2026-01-03,4.579583457525549E-5
Peshawar,2026-01-03,7.614267848761424E-5
Gujranwala,2026-01-03,
Quetta,2026-01-03,3.2399694641181055E-5
Sialkot,2026-01-03,
Hyderabad,2026-01-03,4.136063672427177E-5
Bahawalpur,2026-01-03,3.343633156519737E-5
Sargodha,2026-01-03,4.881395138901248E-5
Sukkur,2026-01-03,3.3926388381849644E-5
Larkana,2026-01-03,2.968071958681218E-5
Lahore,2026-01-04,
Karachi,2026-01-04,1.4894673812926177E-4
Islamabad,2026-01-04,4.9627956470945304E-5
Faisalabad,2026-01-04,
Rawalpindi,2026-01-04,
Multan,2026-01-04,4.4466745332070765E-5
Peshawar,2026-01-04,7.823040055121039E-5
Gujranwala,2026-01-04,
Quetta,2026-01-04,2.8091579419993663E-5
Sialkot,2026-01-04,
Hyderabad,2026-01-04,4.7175689967775576E-5
Bahawalpur,2026-01-04,3.138133789766031E-5
Sargodha,2026-01-04,
Sukkur,2026-01-04,5.0703650510056255E-5
Larkana,2026-01-04,3.5120398515931696E-5
Lahore,2026-01-05,
Karachi,2026-01-05,1.3498352179139138E-4
Islamabad,2026-01-05,7.89943690348148E-5
Faisalabad,2026-01-05,
Rawalpindi,2026-01-05,7.382184089301646E-5
Multan,2026-01-05,
Peshawar,2026-01-05,7.157744201459209E-5
Gujranwala,2026-01-05,
Quetta,2026-01-05,2.138701428028204E-5
Sialkot,2026-01-05,
Hyderabad,2026-01-05,4.07841008683805E-5
Bahawalpur,2026-01-05,4.0975603582068725E-5
Sargodha,2026-01-05,
Sukkur,2026-01-05,4.295847236870589E-5
Larkana,2026-01-05,3.6077354358770944E-5
Lahore,2026-01-06,1.0596321178509601E-4
Karachi,2026-01-06,1.1795130822464167E-4
Islamabad,2026-01-06,1.3377740238630813E-4
Faisalabad,2026-01-06,3.359782325036428E-5
Rawalpindi,2026-01-06,1.1420085500737013E-4
Multan,2026-01-06,
Peshawar,2026-01-06,7.092537894136787E-5
Gujranwala,2026-01-06,5.49059286455085E-5
Quetta,2026-01-06,3.605646784536059E-5
Sialkot,2026-01-06,4.141124432636168E-5
Hyderabad,2026-01-06,4.323358687508186E-5
Bahawalpur,2026-01-06,2.213107666358747E-5
Sargodha,2026-01-06,4.142794796361232E-5
Sukkur,2026-01-06,5.02143136794238E-5
Larkana,2026-01-06,3.806582993244958E-5
Lahore,2026-01-07,7.639348005247481E-5
Karachi,2026-01-07,1.078589990629409E-4
Islamabad,2026-01-07,1.4309540431168457E-4
Faisalabad,2026-01-07,1.0598569982601434E-4
Rawalpindi,2026-01-07,1.0571872908939952E-4
Multan,2026-01-07,1.2205081749256878E-4
Peshawar,2026-01-07,9.311512658426621E-5
Gujranwala,2026-01-07,5.840662594973399E-5
Quetta,2026-01-07,3.682886480611256E-5
Sialkot,2026-01-07,4.5892025561109165E-5
Hyderabad,2026-01-07,4.110778741342248E-5
Bahawalpur,2026-01-07,3.881549056878683E-5
Sargodha,2026-01-07,4.598411160665769E-5
Sukkur,2026-01-07,4.903125140081332E-5
Larkana,2026-01-07,3.3592122586245076E-5
Lahore,2026-01-08,
Karachi,2026-01-08,8.041433246944825E-5
Islamabad,2026-01-08,1.8317481275588994E-4
Faisalabad,2026-01-08,
Rawalpindi,2026-01-08,1.699833346984812E-4
Multan,2026-01-08,9.199357246301646E-5
Peshawar,2026-01-08,6.0341522921183904E-5
Gujranwala,2026-01-08,
Quetta,2026-01-08,3.213050305366319E-5
Sialkot,2026-01-08,
Hyderabad,2026-01-08,3.9484815206055604E-5
Bahawalpur,2026-01-08,2.3789177118761063E-5
Sargodha,2026-01-08,
Sukkur,2026-01-08,6.1006142459459734E-5
Larkana,2026-01-08,
Lahore,2026-01-09,1.3886479623951556E-4
Karachi,2026-01-09,1.5763215437882848E-4
Islamabad,2026-01-09,1.4810589534260577E-4
Faisalabad,2026-01-09,
Rawalpindi,2026-01-09,1.2760892060979727E-4
Multan,2026-01-09,
Peshawar,2026-01-09,1.1359009675897627E-4
Gujranwala,2026-01-09,8.6314112157146E-5
Quetta,2026-01-09,2.5470088325920523E-5
Sialkot,2026-01-09,4.728740613951297E-5
Hyderabad,2026-01-09,3.4856050072003394E-5
Bahawalpur,2026-01-09,
Sargodha,2026-01-09,
Sukkur,2026-01-09,4.024277900922666E-5
Larkana,2026-01-09,2.7732457470112886E-5
Lahore,2026-01-10,
Karachi,2026-01-10,1.288328812310287E-4
Islamabad,2026-01-10,1.259319408288315E-4
Faisalabad,2026-01-10,4.661870738989731E-5
Rawalpindi,2026-01-10,1.1919796488922716E-4
Multan,2026-01-10,6.819847231565839E-5
Peshawar,2026-01-10,6.312144723590321E-5
Gujranwala,2026-01-10,
Quetta,2026-01-10,2.9370014158486353E-5
Sialkot,2026-01-10,3.583398527413925E-5
Hyderabad,2026-01-10,3.195067067584742E-5
Bahawalpur,2026-01-10,3.634712824606E-5
Sargodha,2026-01-10,5.330932145662377E-5
Sukkur,2026-01-10,3.075828454235782E-5
Larkana,2026-01-10,
Lahore,2026-01-11,1.3234423314000625E-4
Karachi,2026-01-11,1.125963144615455E-4
Islamabad,2026-01-11,1.527482011338331E-4
Faisalabad,2026-01-11,7.126733356730726E-5
Rawalpindi,2026-01-11,1.7564779624250126E-4
Multan,2026-01-11,6.545009073980471E-5
Peshawar,2026-01-11,8.137251311648877E-5
Gujranwala,2026-01-11,5.621578148376963E-5
Quetta,2026-01-11,
Sialkot,2026-01-11,4.7887482568018664E-5
Hyderabad,2026-01-11,3.3114904739931826E-5
Bahawalpur,2026-01-11,3.1014703653640256E-5
Sargodha,2026-01-11,4.60089738765486E-5
Sukkur,2026-01-11,4.899906155590588E-5
Larkana,2026-01-11,2.9655394880168528E-5
Lahore,2026-01-12,2.2544440522886627E-4
Karachi,2026-01-12,2.4530575784711516E-4
Islamabad,2026-01-12,3.160770134555883E-4
Faisalabad,2026-01-12,7.403450684154508E-5
Rawalpindi,2026-01-12,3.251599304595855E-4
Multan,2026-01-12,4.397017027118185E-5
Peshawar,2026-01-12,1.318061452164634E-4
Gujranwala,2026-01-12,1.3973163832393763E-4
Quetta,2026-01-12,2.1484509752143867E-5
Sialkot,2026-01-12,
Hyderabad,2026-01-12,5.721877476588595E-5
Bahawalpur,2026-01-12,3.0037638482301E-5
Sargodha,2026-01-12,5.349064867793992E-5
Sukkur,2026-01-12,4.894733569113359E-5
Larkana,2026-01-12,3.852359779697651E-5
Lahore,2026-01-13,2.513754431133443E-4
Karachi,2026-01-13,1.5005049862960258E-4
Islamabad,2026-01-13,2.2928059211360186E-4
Faisalabad,2026-01-13,1.4215688980432468E-4
Rawalpindi,2026-01-13,2.5895717989551253E-4
Multan,2026-01-13,8.4780922005175E-5
Peshawar,2026-01-13,8.490151615866563E-5
Gujranwala,2026-01-13,5.924320546150002E-5
Quetta,2026-01-13,3.725895483793736E-5
Sialkot,2026-01-13,5.507068093316718E-5
Hyderabad,2026-01-13,3.352720411178385E-5
Bahawalpur,2026-01-13,3.678299862062857E-5
Sargodha,2026-01-13,
Sukkur,2026-01-13,3.9703540565331297E-5
Larkana,2026-01-13,2.3338113016849306E-5
Lahore,2026-01-14,2.160202245630742E-4
Karachi,2026-01-14,1.3510046894940717E-4
Islamabad,2026-01-14,2.1824978513967707E-4
Faisalabad,2026-01-14,1.1630776053927186E-4
Rawalpindi,2026-01-14,2.160763749400735E-4
Multan,2026-01-14,5.808844565203183E-5
Peshawar,2026-01-14,9.2885409050282E-5
Gujranwala,2026-01-14,
Quetta,2026-01-14,3.11863911738172E-5
Sialkot,2026-01-14,
Hyderabad,2026-01-14,7.051356497552789E-5
Bahawalpur,2026-01-14,2.7989934553686932E-5
Sargodha,2026-01-14,7.23358675304697E-5
Sukkur,2026-01-14,3.804322555845099E-5
Larkana,2026-01-14,2.205135836852512E-5
Lahore,2026-01-15,
Karachi,2026-01-15,4.040768188788779E-5
Islamabad,2026-01-15,2.590797440831987E-4
Faisalabad,2026-01-15,
Rawalpindi,2026-01-15,2.8165465350538083E-4
Multan,2026-01-15,5.4475914607886106E-5
Peshawar,2026-01-15,8.991018623922035E-5
Gujranwala,2026-01-15,
Quetta,2026-01-15,1.5229954366461099E-5
Sialkot,2026-01-15,
Hyderabad,2026-01-15,8.227981214083741E-5
Bahawalpur,2026-01-15,3.0337136014083315E-5
Sargodha,2026-01-15,
Sukkur,2026-01-15,3.058600762305016E-5
Larkana,2026-01-15,3.421872873706758E-5
Lahore,2026-01-16,
Karachi,2026-01-16,3.59464899048592E-5
Islamabad,2026-01-16,
Faisalabad,2026-01-16,
Rawalpindi,2026-01-16,
Multan,2026-01-16,1.1611295942446414E-4
Peshawar,2026-01-16,8.534626671468681E-5
Gujranwala,2026-01-16,
Quetta,2026-01-16,1.4462410616908735E-5
Sialkot,2026-01-16,
Hyderabad,2026-01-16,5.976992065143031E-5
Bahawalpur,2026-01-16,4.2342208477822295E-5
Sargodha,2026-01-16,5.0479112470769306E-5
Sukkur,2026-01-16,2.791721599371398E-5
Larkana,2026-01-16,
Lahore,2026-01-17,1.9136926795628413E-4
Karachi,2026-01-17,5.056942689713755E-5
Islamabad,2026-01-17,1.6796829114785035E-4
Faisalabad,2026-01-17,1.1499253753831174E-4
Rawalpindi,2026-01-17,1.5877363593013314E-4
Multan,2026-01-17,4.520270626731202E-5
Peshawar,2026-01-17,5.145329002993627E-5
Gujranwala,2026-01-17,6.475918310166326E-5
Quetta,2026-01-17,2.3359731838244934E-5
Sialkot,2026-01-17,3.940135852581323E-5
Hyderabad,2026-01-17,4.54796981145697E-5
Bahawalpur,2026-01-17,3.898382972800701E-5
Sargodha,2026-01-17,7.550202226369303E-5
Sukkur,2026-01-17,3.970977199732776E-5
Larkana,2026-01-17,3.68888007789495E-5
Lahore,2026-01-18,1.4089464300859333E-4
Karachi,2026-01-18,1.1645860609398823E-4
Islamabad,2026-01-18,1.0945418228655908E-4
Faisalabad,2026-01-18,8.31277961643336E-5
Rawalpindi,2026-01-18,1.006755294964924E-4
Multan,2026-01-18,6.782051048380076E-5
Peshawar,2026-01-18,6.924841979736709E-5
Gujranwala,2026-01-18,5.834271650747575E-5
Quetta,2026-01-18,1.9047244374740254E-5
Sialkot,2026-01-18,4.394536833705658E-5
Hyderabad,2026-01-18,3.721960419408085E-5
Bahawalpur,2026-01-18,8.076216675659596E-5
Sargodha,2026-01-18,3.869717892115673E-5
Sukkur,2026-01-18,3.449935247019316E-5
Larkana,2026-01-18,2.913607388363634E-5
Lahore,2026-01-19,1.04516318195132E-4
Karachi,2026-01-19,1.5242851656872212E-4
Islamabad,2026-01-19,9.092209848106564E-5
Faisalabad,2026-01-19,1.1084274519198838E-4
Rawalpindi,2026-01-19,7.307439409917434E-5
Multan,2026-01-19,5.658627229812509E-5
Peshawar,2026-01-19,9.330732940861526E-5
Gujranwala,2026-01-19,4.488372825681326E-5
Quetta,2026-01-19,2.750116369755853E-5
Sialkot,2026-01-19,3.076519435161869E-5
Hyderabad,2026-01-19,6.523563719133776E-5
Bahawalpur,2026-01-19,4.628375972989672E-5
Sargodha,2026-01-19,5.218586833395842E-5
Sukkur,2026-01-19,3.755202238836593E-5
Larkana,2026-01-19,2.6543193516167076E-5
Lahore,2026-01-20,1.3637489959363264E-4
Karachi,2026-01-20,7.035478708870504E-5
Islamabad,2026-01-20,1.1386228082049772E-4
Faisalabad,2026-01-20,7.13505109773686E-5
Rawalpindi,2026-01-20,1.0109864624663853E-4
Multan,2026-01-20,
Peshawar,2026-01-20,6.114439037173084E-5
Gujranwala,2026-01-20,4.7926756657408464E-5
Quetta,2026-01-20,2.253464193084737E-5
Sialkot,2026-01-20,3.897950929137925E-5
Hyderabad,2026-01-20,6.170383527863259E-5
Bahawalpur,2026-01-20,
Sargodha,2026-01-20,3.0461900780476304E-5
Sukkur,2026-01-20,4.3302046237927386E-5
Larkana,2026-01-20,3.397475073551524E-5
Lahore,2026-01-21,1.5474860258152408E-4
Karachi,2026-01-21,1.0148715158075908E-4
Islamabad,2026-01-21,1.4214189696747225E-4
Faisalabad,2026-01-21,8.83695749965785E-5
Rawalpindi,2026-01-21,1.257642105117891E-4
Multan,2026-01-21,4.34092153798034E-5
Peshawar,2026-01-21,5.0573482187426406E-5
Gujranwala,2026-01-21,7.899140918005162E-5
Quetta,2026-01-21,1.2390131449696194E-5
Sialkot,2026-01-21,3.618186458242411E-5
Hyderabad,2026-01-21,5.28038774740528E-5
Bahawalpur,2026-01-21,2.881287291601249E-5
Sargodha,2026-01-21,4.399664985528945E-5
Sukkur,2026-01-21,3.237607974122296E-5
Larkana,2026-01-21,2.5938418321530988E-5
Lahore,2026-01-22,
Karachi,2026-01-22,
Islamabad,2026-01-22,
Faisalabad,2026-01-22,
Rawalpindi,2026-01-22,
Multan,2026-01-22,1.944885405863391E-5
Peshawar,2026-01-22,
Gujranwala,2026-01-22,
Quetta,2026-01-22,1.2813876358360802E-5
Sialkot,2026-01-22,
Hyderabad,2026-01-22,
Bahawalpur,2026-01-22,
Sargodha,2026-01-22,
Sukkur,2026-01-22,
Larkana,2026-01-22,
Lahore,2026-01-23,4.520441452629578E-5
Karachi,2026-01-23,8.304594917095062E-5
Islamabad,2026-01-23,
Faisalabad,2026-01-23,3.801925322274812E-5
Rawalpindi,2026-01-23,2.2778930026754886E-5
Multan,2026-01-23,4.03521360452156E-5
Peshawar,2026-01-23,2.8753080260371588E-5
Gujranwala,2026-01-23,3.7510692822925866E-5
Quetta,2026-01-23,9.81462177307392E-6
Sialkot,2026-01-23,2.8778903191137546E-5
Hyderabad,2026-01-23,3.060257506426404E-5
Bahawalpur,2026-01-23,3.235282432032053E-5
Sargodha,2026-01-23,2.490586271031493E-5
Sukkur,2026-01-23,2.6727237967653443E-5
Larkana,2026-01-23,2.080832784440756E-5
Lahore,2026-01-24,7.933660929492541E-5
Karachi,2026-01-24,5.349886972319888E-5
Islamabad,2026-01-24,1.387802278356521E-4
Faisalabad,2026-01-24,4.8254137236197025E-5
Rawalpindi,2026-01-24,1.3690062388014746E-4
Multan,2026-01-24,2.6510485643476685E-5
Peshawar,2026-01-24,6.877436392358741E-5
Gujranwala,2026-01-24,3.8265596931434384E-5
Quetta,2026-01-24,
Sialkot,2026-01-24,1.838477331880789E-5
Hyderabad,2026-01-24,2.625456564069309E-5
Bahawalpur,2026-01-24,2.0103936573092573E-5
Sargodha,2026-01-24,2.8333880061519446E-5
Sukkur,2026-01-24,2.7125609460778E-5
Larkana,2026-01-24,2.322816210212211E-5
Lahore,2026-01-25,8.82564097772452E-5
Karachi,2026-01-25,5.1777570742636145E-5
Islamabad,2026-01-25,7.715456286051444E-5
Faisalabad,2026-01-25,9.316267711920686E-5
Rawalpindi,2026-01-25,7.752763858602506E-5
Multan,2026-01-25,4.322164834066586E-5
Peshawar,2026-01-25,5.359146737481932E-5
Gujranwala,2026-01-25,3.905152800980163E-5
Quetta,2026-01-25,2.0883530033849496E-5
Sialkot,2026-01-25,2.137931940647981E-5
Hyderabad,2026-01-25,3.573370736153601E-5
Bahawalpur,2026-01-25,3.8223782117798365E-5
Sargodha,2026-01-25,3.6665838671819935E-5
Sukkur,2026-01-25,2.89711766273882E-5
Larkana,2026-01-25,2.2174252012135523E-5
Lahore,2026-01-26,
Karachi,2026-01-26,1.0537074742510083E-4
Islamabad,2026-01-26,
Faisalabad,2026-01-26,
Rawalpindi,2026-01-26,
Multan,2026-01-26,
Peshawar,2026-01-26,
Gujranwala,2026-01-26,
Quetta,2026-01-26,
Sialkot,2026-01-26,
Hyderabad,2026-01-26,2.2311362074355223E-5
Bahawalpur,2026-01-26,
Sargodha,2026-01-26,
Sukkur,2026-01-26,6.686157720130601E-5
Larkana,2026-01-26,4.218284304289082E-5
Lahore,2026-01-27,6.379065930567383E-5
Karachi,2026-01-27,1.0632867384802096E-4
Islamabad,2026-01-27,
Faisalabad,2026-01-27,2.0451360741722875E-5
Rawalpindi,2026-01-27,
Multan,2026-01-27,2.372381437845553E-5
Peshawar,2026-01-27,
Gujranwala,2026-01-27,4.286542173075098E-5
Quetta,2026-01-27,5.946053004300777E-6
Sialkot,2026-01-27,
Hyderabad,2026-01-27,3.8112887623003815E-5
Bahawalpur,2026-01-27,2.6261704252344505E-5
Sargodha,2026-01-27,1.3993737793751704E-5
Sukkur,2026-01-27,2.6085309615671553E-5
Larkana,2026-01-27,2.4197809381281543E-5
Lahore,2026-01-28,9.324306646425821E-5
Karachi,2026-01-28,2.1296598036402316E-4
Islamabad,2026-01-28,1.1216621903658775E-4
Faisalabad,2026-01-28,5.427617263026111E-5
Rawalpindi,2026-01-28,8.788627022361209E-5
Multan,2026-01-28,5.568395683926767E-5
Peshawar,2026-01-28,5.338801405326995E-5
Gujranwala,2026-01-28,4.289818482075339E-5
Quetta,2026-01-28,1.762988674503489E-5
Sialkot,2026-01-28,2.0725597002916157E-5
Hyderabad,2026-01-28,4.666661131936507E-5
Bahawalpur,2026-01-28,3.0095052226309227E-5
Sargodha,2026-01-28,2.9653389475161116E-5
Sukkur,2026-01-28,2.9304336418132842E-5
Larkana,2026-01-28,2.3635628386771657E-5
Lahore,2026-01-29,1.4055309778084656E-4
Karachi,2026-01-29,1.5585074889892694E-4
Islamabad,2026-01-29,1.4751780244504225E-4
Faisalabad,2026-01-29,6.008758991102949E-5
Rawalpindi,2026-01-29,1.0985203645110771E-4
Multan,2026-01-29,7.238477187862954E-5
Peshawar,2026-01-29,5.325713779229969E-5
Gujranwala,2026-01-29,4.498613494101424E-5
Quetta,2026-01-29,1.7438230411338986E-5
Sialkot,2026-01-29,4.1289116200478924E-5
Hyderabad,2026-01-29,
Bahawalpur,2026-01-29,3.384809212186457E-5
Sargodha,2026-01-29,3.6431267089225815E-5
Sukkur,2026-01-29,4.937446677799126E-5
Larkana,2026-01-29,3.888859540908866E-5
Lahore,2026-01-30,1.6146505879141457E-4
Karachi,2026-01-30,8.612475914098471E-5
Islamabad,2026-01-30,1.9482247217977294E-4
Faisalabad,2026-01-30,1.2420010990159193E-4
Rawalpindi,2026-01-30,1.6128320441375705E-4
Multan,2026-01-30,8.27269190500397E-5
Peshawar,2026-01-30,8.370137131510344E-5
Gujranwala,2026-01-30,5.3500140906810646E-5
Quetta,2026-01-30,1.5795950454941866E-5
Sialkot,2026-01-30,3.610263594032498E-5
Hyderabad,2026-01-30,3.427460991151314E-5
Bahawalpur,2026-01-30,3.532853683825213E-5
Sargodha,2026-01-30,5.5055727258556234E-5
Sukkur,2026-01-30,3.099770462630636E-5
Larkana,2026-01-30,2.8176992338777654E-5
Lahore,2026-01-31,
Karachi,2026-01-31,1.556091671616805E-4
Islamabad,2026-01-31,1.297789189023291E-4
Faisalabad,2026-01-31,
Rawalpindi,2026-01-31,1.471491973553363E-4
Multan,2026-01-31,5.0915515420098294E-5
Peshawar,2026-01-31,9.2846008875506E-5
Gujranwala,2026-01-31,
Quetta,2026-01-31,
Sialkot,2026-01-31,6.201590707201508E-5
Hyderabad,2026-01-31,3.4169021361016875E-5
Bahawalpur,2026-01-31,2.5628298726784085E-5
Sargodha,2026-01-31,7.357195128154538E-5
Sukkur,2026-01-31,2.7729894126142024E-5
Larkana,2026-01-31,2.017895652925698E-5
Lahore,2026-02-01,
Karachi,2026-02-01,1.4180371482076036E-4
Islamabad,2026-02-01,1.4496768778288102E-4
Faisalabad,2026-02-01,6.589023232429439E-5
Rawalpindi,2026-02-01,1.646285242919222E-4
Multan,2026-02-01,
Peshawar,2026-02-01,4.437799740650538E-5
Gujranwala,2026-02-01,4.2798467053824116E-5
Quetta,2026-02-01,3.0602271836371614E-6
Sialkot,2026-02-01,
Hyderabad,2026-02-01,2.7081013348503984E-5
Bahawalpur,2026-02-01,2.29223688475364E-5
Sargodha,2026-02-01,
Sukkur,2026-02-01,2.553521431665179E-5
Larkana,2026-02-01,2.0074857115619366E-5
Lahore,2026-02-02,1.1745886994849616E-4
Karachi,2026-02-02,1.2355304623039287E-4
Islamabad,2026-02-02,1.431979176919892E-4
Faisalabad,2026-02-02,9.586377188850892E-5
Rawalpindi,2026-02-02,1.28939851667066E-4
Multan,2026-02-02,2.8441930052938294E-5
Peshawar,2026-02-02,5.2029413335555364E-5
Gujranwala,2026-02-02,8.870811813983492E-6
Quetta,2026-02-02,1.56103248453725E-5
Sialkot,2026-02-02,
Hyderabad,2026-02-02,3.059586522761857E-5
Bahawalpur,2026-02-02,2.0739798518052464E-5
Sargodha,2026-02-02,3.6176849736634925E-5
Sukkur,2026-02-02,3.880580891045945E-5
Larkana,2026-02-02,1.813113016372601E-5
Lahore,2026-02-03,1.8484724327766738E-4
Karachi,2026-02-03,1.6224304477682243E-4
Islamabad,2026-02-03,1.216178545206873E-4
Faisalabad,2026-02-03,6.673814950838099E-5
Rawalpindi,2026-02-03,1.2801017215935E-4
Multan,2026-02-03,4.4857370322248704E-5
Peshawar,2026-02-03,8.903930249682694E-5
Gujranwala,2026-02-03,6.764482437556219E-5
Quetta,2026-02-03,1.942848777008913E-5
Sialkot,2026-02-03,4.51740059629063E-5
Hyderabad,2026-02-03,4.156543840338594E-5
Bahawalpur,2026-02-03,2.5997947733486916E-5
Sargodha,2026-02-03,4.810984347085504E-5
Sukkur,2026-02-03,3.363290754843997E-5
Larkana,2026-02-03,2.3121567607343994E-5
Lahore,2026-02-04,1.1640853271482822E-4
Karachi,2026-02-04,1.0245325973380628E-4
Islamabad,2026-02-04,8.236814500645526E-5
Faisalabad,2026-02-04,6.502367769474916E-5
Rawalpindi,2026-02-04,9.13062110716866E-5
Multan,2026-02-04,4.735585998134961E-5
Peshawar,2026-02-04,6.554406584172408E-5
Gujranwala,2026-02-04,4.1612304794953674E-5
Quetta,2026-02-04,1.4372577737013939E-5
Sialkot,2026-02-04,3.4360525881033574E-5
Hyderabad,2026-02-04,3.431072451245358E-5
Bahawalpur,2026-02-04,2.5949107144753764E-5
Sargodha,2026-02-04,3.4852347980769475E-5
Sukkur,2026-02-04,2.4899918002261644E-5
Larkana,2026-02-04,1.469028322268115E-5
Lahore,2026-02-05,1.3256288413572242E-4
Karachi,2026-02-05,9.383534138225252E-5
Islamabad,2026-02-05,1.4259870614458182E-4
Faisalabad,2026-02-05,5.496390454432984E-5
Rawalpindi,2026-02-05,1.4937387727505756E-4
Multan,2026-02-05,4.5097794490501646E-5
Peshawar,2026-02-05,5.0885598742808844E-5
Gujranwala,2026-02-05,5.762067753358326E-5
Quetta,2026-02-05,1.2645277749876435E-5
Sialkot,2026-02-05,3.936563824513331E-5
Hyderabad,2026-02-05,2.719507626243488E-5
Bahawalpur,2026-02-05,3.617321686655074E-5
Sargodha,2026-02-05,3.432848024348002E-5
Sukkur,2026-02-05,3.3671864357709834E-5
Larkana,2026-02-05,2.5962160465770157E-5
Lahore,2026-02-06,8.641754837985635E-5
Karachi,2026-02-06,1.4167284038091047E-4
Islamabad,2026-02-06,
Faisalabad,2026-02-06,5.0212932716470356E-5
Rawalpindi,2026-02-06,
Multan,2026-02-06,3.8599814625567057E-5
Peshawar,2026-02-06,
Gujranwala,2026-02-06,4.1232502962081835E-5
Quetta,2026-02-06,1.13775256986568E-5
Sialkot,2026-02-06,3.076477284975428E-5
Hyderabad,2026-02-06,2.3485940608281116E-5
Bahawalpur,2026-02-06,2.704507887911994E-5
Sargodha,2026-02-06,2.905085865411092E-5
Sukkur,2026-02-06,4.033087370980385E-5
Larkana,2026-02-06,3.117161277827047E-5
Lahore,2026-02-07,5.812462403900918E-5
Karachi,2026-02-07,1.9363539576205236E-4
Islamabad,2026-02-07,7.247909582931419E-5
Faisalabad,2026-02-07,4.56924995038536E-5
Rawalpindi,2026-02-07,7.126226537902694E-5
Multan,2026-02-07,4.5167963097093304E-5
Peshawar,2026-02-07,3.7562808599938394E-5
Gujranwala,2026-02-07,3.086708034658246E-5
Quetta,2026-02-07,3.394424250876735E-5
Sialkot,2026-02-07,3.741250395392968E-5
Hyderabad,2026-02-07,5.1073424511869623E-5
Bahawalpur,2026-02-07,3.153004007065151E-5
Sargodha,2026-02-07,3.305992127862042E-5
Sukkur,2026-02-07,4.046047446149186E-5
Larkana,2026-02-07,4.005178653718706E-5
Lahore,2026-02-08,1.0401950819253669E-4
Karachi,2026-02-08,1.9793766129674333E-4
Islamabad,2026-02-08,1.412641496196314E-4
Faisalabad,2026-02-08,6.366861802897281E-5
Rawalpindi,2026-02-08,1.217572520210072E-4
Multan,2026-02-08,6.271077608754391E-5
Peshawar,2026-02-08,4.573118111454442E-5
Gujranwala,2026-02-08,4.393539433630982E-5
Quetta,2026-02-08,1.132196833527807E-5
Sialkot,2026-02-08,4.060931322705592E-5
Hyderabad,2026-02-08,4.073116429146335E-5
Bahawalpur,2026-02-08,3.6618453360859644E-5
Sargodha,2026-02-08,4.318830489512159E-5
Sukkur,2026-02-08,3.416281111294311E-5
Larkana,2026-02-08,3.7397679531689125E-5
Lahore,2026-02-09,1.758642764367113E-4
Karachi,2026-02-09,3.5369010952263625E-5
Islamabad,2026-02-09,
Faisalabad,2026-02-09,1.0264284840456448E-4
Rawalpindi,2026-02-09,
Multan,2026-02-09,5.101608023286837E-5
Peshawar,2026-02-09,
Gujranwala,2026-02-09,1.0487641812017901E-4
Quetta,2026-02-09,1.8551380513967404E-5
Sialkot,2026-02-09,5.342913949657138E-5
Hyderabad,2026-02-09,3.589219747379012E-5
Bahawalpur,2026-02-09,3.039107408071718E-5
Sargodha,2026-02-09,7.370256821976012E-5
Sukkur,2026-02-09,3.798435846832336E-5
Larkana,2026-02-09,3.517513106293846E-5
Lahore,2026-02-10,-9.126021047886257E-6
Karachi,2026-02-10,5.730137337479984E-5
Islamabad,2026-02-10,
Faisalabad,2026-02-10,5.4589635566936023E-5
Rawalpindi,2026-02-10,
Multan,2026-02-10,3.3013496972025446E-5
Peshawar,2026-02-10,7.599548823035017E-5
Gujranwala,2026-02-10,
Quetta,2026-02-10,1.2160865526646699E-5
Sialkot,2026-02-10,3.0840983670330794E-5
Hyderabad,2026-02-10,2.3298498432521533E-5
Bahawalpur,2026-02-10,3.3322492481148165E-5
Sargodha,2026-02-10,
Sukkur,2026-02-10,2.6079108207193418E-5
Larkana,2026-02-10,2.511580264814219E-5
Lahore,2026-02-11,8.450876463737127E-5
Karachi,2026-02-11,6.593834599801192E-5
Islamabad,2026-02-11,8.960294410222163E-5
Faisalabad,2026-02-11,4.667008908562626E-5
Rawalpindi,2026-02-11,7.788856697353439E-5
Multan,2026-02-11,3.7503289733987267E-5
Peshawar,2026-02-11,3.6343408240642416E-5
Gujranwala,2026-02-11,3.7215294111532744E-5
Quetta,2026-02-11,2.1643572083843157E-5
Sialkot,2026-02-11,3.546419540946193E-5
Hyderabad,2026-02-11,2.4082391610451936E-5
Bahawalpur,2026-02-11,2.6226906860204175E-5
Sargodha,2026-02-11,2.4495742762073728E-5
Sukkur,2026-02-11,2.7638899917706386E-5
Larkana,2026-02-11,2.7551112095189706E-5
Lahore,2026-02-12,1.483140096449487E-4
Karachi,2026-02-12,1.2055296969573271E-4
Islamabad,2026-02-12,1.1959190168723215E-4
Faisalabad,2026-02-12,5.694040015127957E-5
Rawalpindi,2026-02-12,1.2354572893643595E-4
Multan,2026-02-12,5.0196222189570066E-5
Peshawar,2026-02-12,4.860237055995668E-5
Gujranwala,2026-02-12,5.073400170938143E-5
Quetta,2026-02-12,6.645395509275452E-6
Sialkot,2026-02-12,3.9299323217006156E-5
Hyderabad,2026-02-12,2.857792357577088E-5
Bahawalpur,2026-02-12,3.3525891065160075E-5
Sargodha,2026-02-12,1.5122995188477787E-5
Sukkur,2026-02-12,3.765268818204849E-5
Larkana,2026-02-12,3.645202577148668E-5
Lahore,2026-02-13,8.04699040945494E-5
Karachi,2026-02-13,1.2861034795569868E-4
Islamabad,2026-02-13,1.521911712402041E-4
Faisalabad,2026-02-13,4.424855087861043E-5
Rawalpindi,2026-02-13,1.349463253452806E-4
Multan,2026-02-13,4.20223916250777E-5
Peshawar,2026-02-13,6.532307880440663E-5
Gujranwala,2026-02-13,4.433542923916387E-5
Quetta,2026-02-13,1.865664351567511E-5
Sialkot,2026-02-13,3.690662597846667E-5
Hyderabad,2026-02-13,4.235968588764193E-5
Bahawalpur,2026-02-13,3.3002271345676776E-5
Sargodha,2026-02-13,3.17102989773767E-5
Sukkur,2026-02-13,4.318780239918005E-5
Larkana,2026-02-13,3.440682824205499E-5
Lahore,2026-02-14,1.282283569716019E-4
Karachi,2026-02-14,1.0842761967404279E-4
Islamabad,2026-02-14,9.178332520320066E-5
Faisalabad,2026-02-14,9.696017391168604E-5
Rawalpindi,2026-02-14,9.486014267568895E-5
Multan,2026-02-14,6.275602078152024E-5
Peshawar,2026-02-14,7.538936319183746E-5
Gujranwala,2026-02-14,5.529854652845535E-5
Quetta,2026-02-14,2.017030107565707E-5
Sialkot,2026-02-14,5.908746646348375E-5
Hyderabad,2026-02-14,6.486270880663466E-5
Bahawalpur,2026-02-14,4.301034843188244E-5
Sargodha,2026-02-14,4.5709829052458485E-5
Sukkur,2026-02-14,4.508174718537947E-5
Larkana,2026-02-14,4.032954047541165E-5
Lahore,2026-02-15,1.1675102052615568E-4
Karachi,2026-02-15,4.990940949103636E-5
Islamabad,2026-02-15,1.3498382295380732E-4
Faisalabad,2026-02-15,7.050511386030273E-5
Rawalpindi,2026-02-15,1.4064599958999807E-4
Multan,2026-02-15,5.736786759837314E-5
Peshawar,2026-02-15,7.586261699018868E-5
Gujranwala,2026-02-15,5.354750334274287E-5
Quetta,2026-02-15,2.584798829498861E-5
Sialkot,2026-02-15,4.6364773997676036E-5
Hyderabad,2026-02-15,4.356467369456573E-5
Bahawalpur,2026-02-15,4.440602898463662E-5
Sargodha,2026-02-15,5.0661623321542095E-5
Sukkur,2026-02-15,3.428988928178996E-5
Larkana,2026-02-15,3.0581963633938186E-5
Lahore,2026-02-16,1.823003709185771E-4
Karachi,2026-02-16,2.7532578822645023E-5
Islamabad,2026-02-16,1.979810838785396E-4
Faisalabad,2026-02-16,6.994099959989492E-5
Rawalpindi,2026-02-16,2.0640594448111162E-4
Multan,2026-02-16,5.259859724087906E-5
Peshawar,2026-02-16,8.921855076421273E-5
Gujranwala,2026-02-16,6.798913583710093E-5
Quetta,2026-02-16,
Sialkot,2026-02-16,4.787798104432304E-5
Hyderabad,2026-02-16,5.248712407107478E-5
Bahawalpur,2026-02-16,3.220128230173548E-5
Sargodha,2026-02-16,3.422929612706825E-5
Sukkur,2026-02-16,3.320421537442777E-5
Larkana,2026-02-16,3.172509076607645E-5
Lahore,2026-02-17,
Karachi,2026-02-17,8.534151260319029E-5
Islamabad,2026-02-17,1.3102974033804592E-4
Faisalabad,2026-02-17,
Rawalpindi,2026-02-17,1.1178065268050885E-4
Multan,2026-02-17,7.303034371213273E-5
Peshawar,2026-02-17,6.496416152306E-5
Gujranwala,2026-02-17,
Quetta,2026-02-17,5.654840120288621E-6
Sialkot,2026-02-17,6.59118683108224E-5
Hyderabad,2026-02-17,3.988386626152397E-5
Bahawalpur,2026-02-17,4.1902818325467745E-5
Sargodha,2026-02-17,
Sukkur,2026-02-17,3.361648818847005E-5
Larkana,2026-02-17,2.4534518424907535E-5
Lahore,2026-02-18,6.0472720897279093E-5
Karachi,2026-02-18,1.0849531461314285E-4
Islamabad,2026-02-18,8.957264333567171E-5
Faisalabad,2026-02-18,7.489605514806498E-5
Rawalpindi,2026-02-18,8.061380263422179E-5
Multan,2026-02-18,4.530012952094072E-5
Peshawar,2026-02-18,7.158195304357391E-5
Gujranwala,2026-02-18,6.737298609228258E-5
Quetta,2026-02-18,3.548286760666108E-5
Sialkot,2026-02-18,3.717853453782187E-5
Hyderabad,2026-02-18,5.270794814513462E-5
Bahawalpur,2026-02-18,3.245943988220758E-5
Sargodha,2026-02-18,4.7433984368796834E-5
Sukkur,2026-02-18,4.553854671294058E-5
Larkana,2026-02-18,4.6064530570895634E-5
Lahore,2026-02-19,9.012141762753996E-5
Karachi,2026-02-19,8.947188383371578E-5
Islamabad,2026-02-19,1.280241484516609E-4
Faisalabad,2026-02-19,1.1039154647548981E-4
Rawalpindi,2026-02-19,1.1716755716558575E-4
Multan,2026-02-19,6.688131247027573E-5
Peshawar,2026-02-19,7.572452373957411E-5
Gujranwala,2026-02-19,5.991884785145698E-5
Quetta,2026-02-19,4.017055721514812E-5
Sialkot,2026-02-19,4.2133475402713755E-5
Hyderabad,2026-02-19,4.8966266989473104E-5
Bahawalpur,2026-02-19,4.04661708106311E-5
Sargodha,2026-02-19,4.80855371214118E-5
Sukkur,2026-02-19,4.8966168463378764E-5
Larkana,2026-02-19,4.2288630163013675E-5
Lahore,2026-02-20,1.263276534818711E-4
Karachi,2026-02-20,7.966956653811945E-5
Islamabad,2026-02-20,1.3374166191852115E-4
Faisalabad,2026-02-20,5.952526169130244E-5
Rawalpindi,2026-02-20,1.1352048297824E-4
Multan,2026-02-20,6.20756001047906E-5
Peshawar,2026-02-20,6.686107249690625E-5
Gujranwala,2026-02-20,4.972881802208542E-5
Quetta,2026-02-20,3.2375140334113587E-5
Sialkot,2026-02-20,3.828125352034674E-5
Hyderabad,2026-02-20,4.079031260691186E-5
Bahawalpur,2026-02-20,3.760211110566597E-5
Sargodha,2026-02-20,4.2796893451881585E-5
Sukkur,2026-02-20,4.428173253320845E-5
Larkana,2026-02-20,4.038582429877934E-5
Lahore,2026-02-21,1.1249499764678658E-4
Karachi,2026-02-21,1.3994440747122332E-4
Islamabad,2026-02-21,1.290803769233855E-4
Faisalabad,2026-02-21,4.8909528761204576E-5
Rawalpindi,2026-02-21,1.4051638025870339E-4
Multan,2026-02-21,3.6264467573623195E-5
Peshawar,2026-02-21,6.329817637532843E-5
Gujranwala,2026-02-21,5.105176903181807E-5
Quetta,2026-02-21,2.133437767620666E-5
Sialkot,2026-02-21,4.1910549659492425E-5
Hyderabad,2026-02-21,4.827453725485082E-5
Bahawalpur,2026-02-21,2.725452665419682E-5
Sargodha,2026-02-21,3.6523773374710215E-5
Sukkur,2026-02-21,3.7682239251336695E-5
Larkana,2026-02-21,3.1185126370822044E-5
Lahore,2026-02-22,7.870950952476497E-5
Karachi,2026-02-22,3.34719678938865E-5
Islamabad,2026-02-22,8.949073545842247E-5
Faisalabad,2026-02-22,6.184047666202069E-5
Rawalpindi,2026-02-22,8.018141873353887E-5
Multan,2026-02-22,4.644871274423059E-5
Peshawar,2026-02-22,4.5299335759515115E-5
Gujranwala,2026-02-22,3.9102200053791444E-5
Quetta,2026-02-22,2.0982908476742452E-5
Sialkot,2026-02-22,3.711675375028176E-5
Hyderabad,2026-02-22,4.983141395379674E-5
Bahawalpur,2026-02-22,2.8083855093291766E-5
Sargodha,2026-02-22,4.682301634392868E-5
Sukkur,2026-02-22,3.73712598322073E-5
Larkana,2026-02-22,3.404944282013157E-5
Lahore,2026-02-23,8.19266132999852E-5
Karachi,2026-02-23,5.3995947142359226E-5
Islamabad,2026-02-23,1.0143219261533049E-4
Faisalabad,2026-02-23,6.463552916876783E-5
Rawalpindi,2026-02-23,7.740310046409779E-5
Multan,2026-02-23,5.517125558117032E-5
Peshawar,2026-02-23,5.041972495240317E-5
Gujranwala,2026-02-23,4.656948841858555E-5
Quetta,2026-02-23,3.0298776345644293E-5
Sialkot,2026-02-23,3.613331237956754E-5
Hyderabad,2026-02-23,4.513853353549152E-5
Bahawalpur,2026-02-23,3.190553087695392E-5
Sargodha,2026-02-23,3.854458839360152E-5
Sukkur,2026-02-23,4.5382448364415325E-5
Larkana,2026-02-23,4.2785906095104835E-5
Lahore,2026-02-24,9.936988326453754E-5
Karachi,2026-02-24,1.95792632897273E-4
Islamabad,2026-02-24,1.251606140888286E-4
Faisalabad,2026-02-24,6.257790995415607E-5
Rawalpindi,2026-02-24,1.059660560585223E-4
Multan,2026-02-24,6.141811458315267E-5
Peshawar,2026-02-24,5.848075602927707E-5
Gujranwala,2026-02-24,4.880294343731428E-5
Quetta,2026-02-24,2.6361754759969985E-5
Sialkot,2026-02-24,3.9069367983091896E-5
Hyderabad,2026-02-24,4.249485322537669E-5
Bahawalpur,2026-02-24,4.1099964756585974E-5
Sargodha,2026-02-24,3.8400806675652097E-5
Sukkur,2026-02-24,3.655267119458959E-5
Larkana,2026-02-24,3.782218326770959E-5
Lahore,2026-02-25,8.760402046955906E-5
Karachi,2026-02-25,1.383461914867386E-4
Islamabad,2026-02-25,1.0658050421662822E-4
Faisalabad,2026-02-25,7.355492683587585E-5
Rawalpindi,2026-02-25,9.755255658376762E-5
Multan,2026-02-25,5.750868961952836E-5
Peshawar,2026-02-25,5.3971474885925744E-5
Gujranwala,2026-02-25,4.987430388403893E-5
Quetta,2026-02-25,2.4256182666215446E-5
Sialkot,2026-02-25,4.5951094596264904E-5
Hyderabad,2026-02-25,3.168722215982545E-5
Bahawalpur,2026-02-25,3.7214250457421336E-5
Sargodha,2026-02-25,4.120841965566959E-5
Sukkur,2026-02-25,4.0999730762365636E-5
Larkana,2026-02-25,2.790123674010502E-5
Lahore,2026-02-26,8.45278385681876E-5
Karachi,2026-02-26,7.099778264951166E-5
Islamabad,2026-02-26,9.337954724170299E-5
Faisalabad,2026-02-26,5.763700578483685E-5
Rawalpindi,2026-02-26,8.836381992718665E-5
Multan,2026-02-26,4.092530513790129E-5
Peshawar,2026-02-26,3.653444193543919E-5
Gujranwala,2026-02-26,3.0481881480818745E-5
Quetta,2026-02-26,1.5356050085073523E-5
Sialkot,2026-02-26,3.381364464316004E-5
Hyderabad,2026-02-26,4.7143459416798494E-5
Bahawalpur,2026-02-26,2.9747185055545498E-5
Sargodha,2026-02-26,3.6361401808048015E-5
Sukkur,2026-02-26,2.4819383657221583E-5
Larkana,2026-02-26,1.851044951979731E-5
Lahore,2026-02-27,5.9948986577841906E-5
Karachi,2026-02-27,2.6908549906526365E-5
Islamabad,2026-02-27,7.24345738044389E-5
Faisalabad,2026-02-27,5.620798257094372E-5
Rawalpindi,2026-02-27,6.35214375502034E-5
Multan,2026-02-27,4.477449924461984E-5
Peshawar,2026-02-27,3.421310094145572E-5
Gujranwala,2026-02-27,
Quetta,2026-02-27,1.0742775055739762E-5
Sialkot,2026-02-27,2.1113672600101597E-5
Hyderabad,2026-02-27,4.375944200888679E-5
Bahawalpur,2026-02-27,2.8483760869435536E-5
Sargodha,2026-02-27,4.148480397383039E-5
Sukkur,2026-02-27,2.4827276549714367E-5
Larkana,2026-02-27,2.2578416383327563E-5
Lahore,2026-02-28,4.6491682043589296E-5
Karachi,2026-02-28,4.059187226714738E-5
Islamabad,2026-02-28,5.0006995343369976E-5
Faisalabad,2026-02-28,4.298847189330845E-5
Rawalpindi,2026-02-28,4.7330537825743755E-5
Multan,2026-02-28,2.810445690421367E-5
Peshawar,2026-02-28,3.755662784483092E-5
Gujranwala,2026-02-28,2.3600795897440677E-5
Quetta,2026-02-28,1.9849794688528927E-5
Sialkot,2026-02-28,1.781269937949793E-5
Hyderabad,2026-02-28,4.2485643155171235E-5
Bahawalpur,2026-02-28,2.342047274356196E-5
Sargodha,2026-02-28,2.6533116320632676E-5
Sukkur,2026-02-28,2.5727440123984302E-5
Larkana,2026-02-28,2.562140974806099E-5
Lahore,2026-03-01,5.922368688379852E-5
Karachi,2026-03-01,3.6856474120386066E-5
Islamabad,2026-03-01,6.572224441255377E-5
Faisalabad,2026-03-01,3.5420630539649346E-5
Rawalpindi,2026-03-01,5.9285290926567666E-5
Multan,2026-03-01,3.9415949570896876E-5
Peshawar,2026-03-01,4.6852557763268865E-5
Gujranwala,2026-03-01,2.397424075612429E-5
Quetta,2026-03-01,1.227225490964018E-5
Sialkot,2026-03-01,2.493693850371473E-5
Hyderabad,2026-03-01,2.9949508191968654E-5
Bahawalpur,2026-03-01,2.3584454372657642E-5
Sargodha,2026-03-01,3.0252595089950195E-5
Sukkur,2026-03-01,2.5268208660300663E-5
Larkana,2026-03-01,2.400117393678036E-5
Lahore,2026-03-02,9.70085086345794E-5
Karachi,2026-03-02,7.112607263311664E-5
Islamabad,2026-03-02,7.36818411628718E-5
Faisalabad,2026-03-02,6.14967719708228E-5
Rawalpindi,2026-03-02,6.92549048362007E-5
Multan,2026-03-02,3.811089590740845E-5
Peshawar,2026-03-02,5.8792912807636595E-5
Gujranwala,2026-03-02,5.097743997122056E-5
Quetta,2026-03-02,2.741666479149937E-5
Sialkot,2026-03-02,5.187998247446198E-5
Hyderabad,2026-03-02,3.232143594586492E-5
Bahawalpur,2026-03-02,3.53405503628714E-5
Sargodha,2026-03-02,5.1204726084207915E-5
Sukkur,2026-03-02,2.3127184682040633E-5
Larkana,2026-03-02,1.8448566937391215E-5
Lahore,2026-03-03,7.500853130192997E-5
Karachi,2026-03-03,6.138174291839876E-5
Islamabad,2026-03-03,1.0407699944543957E-4
Faisalabad,2026-03-03,4.380946617434667E-5
Rawalpindi,2026-03-03,8.98002395994712E-5
Multan,2026-03-03,4.605197491672378E-5
Peshawar,2026-03-03,5.939775047306865E-5
Gujranwala,2026-03-03,4.064147942792099E-5
Quetta,2026-03-03,1.7526472304344592E-5
Sialkot,2026-03-03,4.5997513627289206E-5
Hyderabad,2026-03-03,2.697726667781031E-5
Bahawalpur,2026-03-03,3.125980413928742E-5
Sargodha,2026-03-03,3.656610738537773E-5
Sukkur,2026-03-03,2.2273534421523746E-5
Larkana,2026-03-03,1.57192789885751E-5
Lahore,2026-03-04,9.212863225137786E-5
Karachi,2026-03-04,3.249973193199412E-5
Islamabad,2026-03-04,1.0467200756799176E-4
Faisalabad,2026-03-04,5.172889855719289E-5
Rawalpindi,2026-03-04,1.179048073067252E-4
Multan,2026-03-04,4.258274344782987E-5
Peshawar,2026-03-04,5.2878719661484876E-5
Gujranwala,2026-03-04,3.7257459900636026E-5
Quetta,2026-03-04,2.0926185839051514E-5
Sialkot,2026-03-04,2.8183115889931967E-5
Hyderabad,2026-03-04,5.908345420500347E-5
Bahawalpur,2026-03-04,2.2810758181598443E-5
Sargodha,2026-03-04,3.378594163609476E-5
Sukkur,2026-03-04,2.7276613805518217E-5
Larkana,2026-03-04,2.169339278630469E-5
Lahore,2026-03-05,6.3117135671006E-5
Karachi,2026-03-05,3.0051869495406285E-5
Islamabad,2026-03-05,7.450913216320711E-5
Faisalabad,2026-03-05,4.389877853471797E-5
Rawalpindi,2026-03-05,7.122794086483105E-5
Multan,2026-03-05,4.894657563701362E-5
Peshawar,2026-03-05,4.1978526126009916E-5
Gujranwala,2026-03-05,3.3127757525136704E-5
Quetta,2026-03-05,2.242062087153038E-5
Sialkot,2026-03-05,3.2728594429695566E-5
Hyderabad,2026-03-05,2.407729472508028E-5
Bahawalpur,2026-03-05,3.049802904485523E-5
Sargodha,2026-03-05,3.681433906944675E-5
Sukkur,2026-03-05,3.082563348161775E-5
Larkana,2026-03-05,2.255456557425616E-5
Lahore,2026-03-06,6.154042916638456E-5
Karachi,2026-03-06,2.9592300035817972E-5
Islamabad,2026-03-06,7.321385226908818E-5
Faisalabad,2026-03-06,3.430759543940077E-5
Rawalpindi,2026-03-06,6.2595051197645E-5
Multan,2026-03-06,3.8844573710446496E-5
Peshawar,2026-03-06,4.325018239965401E-5
Gujranwala,2026-03-06,3.084786626948082E-5
Quetta,2026-03-06,1.2266116669191956E-5
Sialkot,2026-03-06,2.2318309318066744E-5
Hyderabad,2026-03-06,2.8196821458527752E-5
Bahawalpur,2026-03-06,2.310020141365698E-5
Sargodha,2026-03-06,4.485225592885624E-5
Sukkur,2026-03-06,3.260082047158153E-5
Larkana,2026-03-06,2.512938493233174E-5
Lahore,2026-03-07,5.410187438429348E-5
Karachi,2026-03-07,4.9651797676608695E-5
Islamabad,2026-03-07,
Faisalabad,2026-03-07,5.524299434728319E-5
Rawalpindi,2026-03-07,
Multan,2026-03-07,6.275216431858136E-5
Peshawar,2026-03-07,6.421972571549001E-5
Gujranwala,2026-03-07,5.6979875557478994E-5
Quetta,2026-03-07,1.0928753192162329E-5
Sialkot,2026-03-07,3.4276022772721034E-5
Hyderabad,2026-03-07,4.231036446093216E-5
Bahawalpur,2026-03-07,3.333608146887422E-5
Sargodha,2026-03-07,3.869009860858295E-5
Sukkur,2026-03-07,3.206021802891158E-5
Larkana,2026-03-07,3.1916797745576714E-5
Lahore,2026-03-08,8.338543246250521E-5
Karachi,2026-03-08,3.3898032120438755E-5
Islamabad,2026-03-08,5.9570499184883276E-5
Faisalabad,2026-03-08,6.70562867657015E-5
Rawalpindi,2026-03-08,5.3833996428498656E-5
Multan,2026-03-08,5.010579276906582E-5
Peshawar,2026-03-08,2.842263552147717E-5
Gujranwala,2026-03-08,3.05245109569333E-5
Quetta,2026-03-08,1.1785102673360555E-5
Sialkot,2026-03-08,2.7088316911653443E-5
Hyderabad,2026-03-08,5.685370064566096E-5
Bahawalpur,2026-03-08,3.741745195527459E-5
Sargodha,2026-03-08,2.6389648528866163E-5
Sukkur,2026-03-08,3.852012903404267E-5
Larkana,2026-03-08,3.617485196546244E-5
Lahore,2026-03-09,8.154001755158083E-5
Karachi,2026-03-09,3.696149880587562E-5
Islamabad,2026-03-09,1.0750906151427026E-4
Faisalabad,2026-03-09,4.3823225965959584E-5
Rawalpindi,2026-03-09,1.3503676131072228E-4
Multan,2026-03-09,1.0996934394225491E-5
Peshawar,2026-03-09,4.3786094074402474E-5
Gujranwala,2026-03-09,2.3140958239552128E-5
Quetta,2026-03-09,6.931272974092609E-6
Sialkot,2026-03-09,2.1663103781717658E-5
Hyderabad,2026-03-09,4.459646989444337E-5
Bahawalpur,2026-03-09,2.1425425362697768E-5
Sargodha,2026-03-09,3.7998196833764536E-5
Sukkur,2026-03-09,3.210579709317727E-5
Larkana,2026-03-09,2.4205950100480898E-5
Lahore,2026-03-10,6.0652789088663736E-5
Karachi,2026-03-10,3.1175907756353605E-5
Islamabad,2026-03-10,
Faisalabad,2026-03-10,4.7363693189035734E-5
Rawalpindi,2026-03-10,
Multan,2026-03-10,4.1384936224992696E-5
Peshawar,2026-03-10,
Gujranwala,2026-03-10,
Quetta,2026-03-10,4.270047118918572E-6
Sialkot,2026-03-10,
Hyderabad,2026-03-10,4.593757181753791E-5
Bahawalpur,2026-03-10,2.9376088347461133E-5
Sargodha,2026-03-10,
Sukkur,2026-03-10,2.624379416030814E-5
Larkana,2026-03-10,2.247595626083195E-5
Lahore,2026-03-11,6.964459585900457E-5
Karachi,2026-03-11,3.571851140454289E-5
Islamabad,2026-03-11,
Faisalabad,2026-03-11,4.732030345416756E-5
Rawalpindi,2026-03-11,
Multan,2026-03-11,3.334708724751775E-5
Peshawar,2026-03-11,
Gujranwala,2026-03-11,4.2383179473830834E-5
Quetta,2026-03-11,1.5899726367897052E-5
Sialkot,2026-03-11,
Hyderabad,2026-03-11,3.379106025096856E-5
Bahawalpur,2026-03-11,2.6910051089020613E-5
Sargodha,2026-03-11,5.8636461220511076E-5
Sukkur,2026-03-11,2.8655318120731698E-5
Larkana,2026-03-11,2.5177851519383494E-5
Lahore,2026-03-12,3.155817900765616E-5
Karachi,2026-03-12,8.072392732965995E-5
Islamabad,2026-03-12,3.4803511615087466E-5
Faisalabad,2026-03-12,4.4775802901731846E-5
Rawalpindi,2026-03-12,3.3558878574036215E-5
Multan,2026-03-12,3.415252920569693E-5
Peshawar,2026-03-12,2.9729688558166928E-5
Gujranwala,2026-03-12,2.886048813479271E-5
Quetta,2026-03-12,9.835956928098894E-6
Sialkot,2026-03-12,1.5157607824534022E-5
Hyderabad,2026-03-12,4.374574239646353E-5
Bahawalpur,2026-03-12,3.252452950014527E-5
Sargodha,2026-03-12,2.162043910612079E-5
Sukkur,2026-03-12,2.6001109673771676E-5
Larkana,2026-03-12,2.7273010822981076E-5
Lahore,2026-03-13,4.2065978486836726E-5
Karachi,2026-03-13,1.1551513735632741E-4
Islamabad,2026-03-13,6.0720362894606083E-5
Faisalabad,2026-03-13,4.1692909049575585E-5
Rawalpindi,2026-03-13,5.253823235659679E-5
Multan,2026-03-13,3.5413820945814246E-5
Peshawar,2026-03-13,3.247381627539649E-5
Gujranwala,2026-03-13,7.130711794865567E-6
Quetta,2026-03-13,1.2149866003632496E-5
Sialkot,2026-03-13,1.450442484351976E-5
Hyderabad,2026-03-13,4.595913475054223E-5
Bahawalpur,2026-03-13,3.587423506339954E-5
Sargodha,2026-03-13,1.3016846443018563E-5
Sukkur,2026-03-13,3.5840751452115725E-5
Larkana,2026-03-13,2.3331861436494265E-5
Lahore,2026-03-14,6.91863837562772E-5
Karachi,2026-03-14,4.2167877929589925E-5
Islamabad,2026-03-14,8.01965989602192E-5
Faisalabad,2026-03-14,4.482778034047175E-5
Rawalpindi,2026-03-14,8.004829225340181E-5
Multan,2026-03-14,3.586486481901856E-5
Peshawar,2026-03-14,3.422991145738624E-5
Gujranwala,2026-03-14,2.4543047854357814E-5
Quetta,2026-03-14,1.2690273522407386E-5
Sialkot,2026-03-14,1.6163019344993988E-5
Hyderabad,2026-03-14,3.878345176919993E-5
Bahawalpur,2026-03-14,2.4108352488728103E-5
Sargodha,2026-03-14,2.557969029183791E-5
Sukkur,2026-03-14,2.8952742479710208E-5
Larkana,2026-03-14,2.32907060696586E-5
Lahore,2026-03-15,
Karachi,2026-03-15,5.464641639352816E-5
Islamabad,2026-03-15,
Faisalabad,2026-03-15,
Rawalpindi,2026-03-15,
Multan,2026-03-15,2.970386048715805E-5
Peshawar,2026-03-15,
Gujranwala,2026-03-15,
Quetta,2026-03-15,1.9319568169159657E-6
Sialkot,2026-03-15,
Hyderabad,2026-03-15,3.088197320515078E-5
Bahawalpur,2026-03-15,2.2315367525778046E-5
Sargodha,2026-03-15,1.1405923384305555E-5
Sukkur,2026-03-15,9.866527237336851E-6
Larkana,2026-03-15,1.459297386784827E-5
Lahore,2026-03-16,2.6441404491196004E-5
Karachi,2026-03-16,4.921168656432404E-5
Islamabad,2026-03-16,1.573552159592641E-5
Faisalabad,2026-03-16,1.9958788981291542E-5
Rawalpindi,2026-03-16,1.3637397446525711E-5
Multan,2026-03-16,2.9110358370546513E-5
Peshawar,2026-03-16,3.215024795471123E-5
Gujranwala,2026-03-16,1.5605542801422536E-7
Quetta,2026-03-16,8.124321972927134E-6
Sialkot,2026-03-16,3.5435869546916182E-6
Hyderabad,2026-03-16,3.439399573519255E-5
Bahawalpur,2026-03-16,2.94928353996934E-5
Sargodha,2026-03-16,1.0733559520429502E-5
Sukkur,2026-03-16,1.9034634562555497E-5
Larkana,2026-03-16,1.979142248015629E-5
Lahore,2026-03-17,4.585420088957713E-5
Karachi,2026-03-17,4.930612908762709E-5
Islamabad,2026-03-17,6.844617267013038E-5
Faisalabad,2026-03-17,3.9570851006432656E-5
Rawalpindi,2026-03-17,7.233870717438779E-5
Multan,2026-03-17,3.92918997742273E-5
Peshawar,2026-03-17,
Gujranwala,2026-03-17,9.442856415539434E-6
Quetta,2026-03-17,1.2086741916547484E-5
Sialkot,2026-03-17,3.255299168394294E-6
Hyderabad,2026-03-17,3.896556778683928E-5
Bahawalpur,2026-03-17,2.962938189710566E-5
Sargodha,2026-03-17,1.5203911274241523E-5
Sukkur,2026-03-17,3.3617700420769825E-5
Larkana,2026-03-17,3.0956934717385517E-5
Lahore,2026-03-18,
Karachi,2026-03-18,1.5514598125669602E-4
Islamabad,2026-03-18,
Faisalabad,2026-03-18,
Rawalpindi,2026-03-18,
Multan,2026-03-18,2.5473656646662112E-5
Peshawar,2026-03-18,
Gujranwala,2026-03-18,
Quetta,2026-03-18,
Sialkot,2026-03-18,
Hyderabad,2026-03-18,1.89460812673194E-5
Bahawalpur,2026-03-18,2.5433016436255597E-5
Sargodha,2026-03-18,
Sukkur,2026-03-18,3.4153859133785343E-5
Larkana,2026-03-18,2.3369722934180004E-5
Lahore,2026-03-19,
Karachi,2026-03-19,8.018847349041429E-5
Islamabad,2026-03-19,
Faisalabad,2026-03-19,
Rawalpindi,2026-03-19,
Multan,2026-03-19,2.985084556303083E-5
Peshawar,2026-03-19,
Gujranwala,2026-03-19,
Quetta,2026-03-19,1.0811190672072564E-5
Sialkot,2026-03-19,
Hyderabad,2026-03-19,
Bahawalpur,2026-03-19,3.090169325769241E-5
Sargodha,2026-03-19,4.5910528594834474E-5
Sukkur,2026-03-19,
Larkana,2026-03-19,
Lahore,2026-03-20,2.590933758195813E-5
Karachi,2026-03-20,4.579035868066904E-5
Islamabad,2026-03-20,3.0686513885064565E-5
Faisalabad,2026-03-20,
Rawalpindi,2026-03-20,2.3452114499850246E-5
Multan,2026-03-20,
Peshawar,2026-03-20,2.4927290951426834E-5
Gujranwala,2026-03-20,1.7593828731962245E-5
Quetta,2026-03-20,1.4159161634725557E-5
Sialkot,2026-03-20,2.3075505987727705E-5
Hyderabad,2026-03-20,4.221396098943536E-5
Bahawalpur,2026-03-20,2.2048885270918173E-5
Sargodha,2026-03-20,2.242955616070798E-5
Sukkur,2026-03-20,2.237542878287998E-5
Larkana,2026-03-20,2.0022578396047578E-5
Lahore,2026-03-21,
Karachi,2026-03-21,3.6301375577251845E-5
Islamabad,2026-03-21,4.7091618297464396E-5
Faisalabad,2026-03-21,
Rawalpindi,2026-03-21,4.199263094867824E-5
Multan,2026-03-21,
Peshawar,2026-03-21,2.4553425488055606E-5
Gujranwala,2026-03-21,
Quetta,2026-03-21,2.0365535583478025E-5
Sialkot,2026-03-21,
Hyderabad,2026-03-21,4.086841482269262E-5
Bahawalpur,2026-03-21,
Sargodha,2026-03-21,
Sukkur,2026-03-21,2.7809929617511E-5
Larkana,2026-03-21,2.654235660972921E-5
Lahore,2026-03-22,3.649970291594151E-5
Karachi,2026-03-22,3.030302786751011E-5
Islamabad,2026-03-22,4.2921109419590506E-5
Faisalabad,2026-03-22,2.8295749131879267E-5
Rawalpindi,2026-03-22,4.142056072657226E-5
Multan,2026-03-22,4.03188669196151E-5
Peshawar,2026-03-22,2.6104982187358706E-5
Gujranwala,2026-03-22,2.2379832415513706E-5
Quetta,2026-03-22,1.0893103247996714E-5
Sialkot,2026-03-22,2.2339017344413727E-5
Hyderabad,2026-03-22,3.489353775123877E-5
Bahawalpur,2026-03-22,3.1972861710988174E-5
Sargodha,2026-03-22,2.3427219966061944E-5
Sukkur,2026-03-22,1.662017094519494E-5
Larkana,2026-03-22,
Lahore,2026-03-23,4.001533185274926E-5
Karachi,2026-03-23,4.0545818943424575E-5
Islamabad,2026-03-23,6.099545886187739E-5
Faisalabad,2026-03-23,3.363881866386419E-5
Rawalpindi,2026-03-23,5.744104621317635E-5
Multan,2026-03-23,5.5634448875358314E-5
Peshawar,2026-03-23,4.030549103937133E-5
Gujranwala,2026-03-23,1.984951896940685E-5
Quetta,2026-03-23,2.931766786556944E-5
Sialkot,2026-03-23,2.2897725622226606E-5
Hyderabad,2026-03-23,3.5609208702055465E-5
Bahawalpur,2026-03-23,4.9573895850350514E-5
Sargodha,2026-03-23,2.7561912493365518E-5
Sukkur,2026-03-23,3.701638195230702E-5
Larkana,2026-03-23,3.665074039196967E-5
Lahore,2026-03-24,6.193626138615073E-5
Karachi,2026-03-24,
Islamabad,2026-03-24,6.094649613075453E-5
Faisalabad,2026-03-24,4.857557518023411E-5
Rawalpindi,2026-03-24,7.269186966614799E-5
Multan,2026-03-24,5.930822094939973E-5
Peshawar,2026-03-24,5.54353757400093E-5
Gujranwala,2026-03-24,3.600559152291182E-5
Quetta,2026-03-24,
Sialkot,2026-03-24,3.346330596613531E-5
Hyderabad,2026-03-24,
Bahawalpur,2026-03-24,3.515515460958882E-5
Sargodha,2026-03-24,3.5474270066586003E-5
Sukkur,2026-03-24,3.939950729916897E-5
Larkana,2026-03-24,4.2904589003049175E-5
Lahore,2026-03-25,6.885551588089873E-5
Karachi,2026-03-25,1.4194486348523281E-5
Islamabad,2026-03-25,4.241502137393181E-5
Faisalabad,2026-03-25,5.883988441308581E-5
Rawalpindi,2026-03-25,3.43582885306807E-5
Multan,2026-03-25,3.9465778378187855E-5
Peshawar,2026-03-25,4.286384472676248E-5
Gujranwala,2026-03-25,
Quetta,2026-03-25,
Sialkot,2026-03-25,2.283040131053798E-5
Hyderabad,2026-03-25,3.828041852192713E-5
Bahawalpur,2026-03-25,
Sargodha,2026-03-25,
Sukkur,2026-03-25,2.8165951543183527E-5
Larkana,2026-03-25,2.6005409065219936E-5
Lahore,2026-03-26,4.712510784640712E-5
Karachi,2026-03-26,2.3441704037846754E-5
Islamabad,2026-03-26,2.4927405095700928E-5
Faisalabad,2026-03-26,
Rawalpindi,2026-03-26,3.946842315373303E-5
Multan,2026-03-26,
Peshawar,2026-03-26,
Gujranwala,2026-03-26,
Quetta,2026-03-26,
Sialkot,2026-03-26,
Hyderabad,2026-03-26,3.661136861996503E-5
Bahawalpur,2026-03-26,
Sargodha,2026-03-26,
Sukkur,2026-03-26,4.036187619608971E-5
Larkana,2026-03-26,2.8919963889375192E-5
Lahore,2026-03-27,7.957165271653684E-5
Karachi,2026-03-27,3.8939287801774906E-5
Islamabad,2026-03-27,6.338781010233529E-5
Faisalabad,2026-03-27,4.976138631906184E-5
Rawalpindi,2026-03-27,6.003200955772164E-5
Multan,2026-03-27,4.294848210709225E-5
Peshawar,2026-03-27,4.318655231836197E-5
Gujranwala,2026-03-27,5.049298149203182E-5
Quetta,2026-03-27,1.8386760059501454E-5
Sialkot,2026-03-27,3.797208953696705E-5
Hyderabad,2026-03-27,6.882387193981929E-5
Bahawalpur,2026-03-27,3.567780068692601E-5
Sargodha,2026-03-27,3.5819087569016576E-5
Sukkur,2026-03-27,4.0396118350375186E-5
Larkana,2026-03-27,3.459290936568322E-5
Lahore,2026-03-28,1.0192815646085197E-4
Karachi,2026-03-28,2.0409116623158156E-5
Islamabad,2026-03-28,
Faisalabad,2026-03-28,6.610501802545701E-5
Rawalpindi,2026-03-28,
Multan,2026-03-28,4.941575869122399E-5
Peshawar,2026-03-28,
Gujranwala,2026-03-28,5.0887378956918054E-5
Quetta,2026-03-28,1.6988495272905337E-5
Sialkot,2026-03-28,4.556440377356508E-5
Hyderabad,2026-03-28,2.114724608078344E-5
Bahawalpur,2026-03-28,3.228148006128142E-5
Sargodha,2026-03-28,6.491758584938092E-5
Sukkur,2026-03-28,3.2776239912254064E-5
Larkana,2026-03-28,2.490662756349299E-5
Lahore,2026-03-29,4.382006878215832E-5
Karachi,2026-03-29,1.8721370416248034E-5
Islamabad,2026-03-29,3.292513102090967E-5
Faisalabad,2026-03-29,4.112404588451062E-5
Rawalpindi,2026-03-29,3.3470081607326104E-5
Multan,2026-03-29,2.94280517956033E-5
Peshawar,2026-03-29,
Gujranwala,2026-03-29,3.0249596045264724E-5
Quetta,2026-03-29,1.2278171497233418E-5
Sialkot,2026-03-29,2.908593549270534E-5
Hyderabad,2026-03-29,2.3968745507249915E-5
Bahawalpur,2026-03-29,3.451183995122075E-5
Sargodha,2026-03-29,2.0204006642913743E-5
Sukkur,2026-03-29,3.2685386424558106E-5
Larkana,2026-03-29,3.422175256951292E-5
Lahore,2026-03-30,7.301435219294399E-5
Karachi,2026-03-30,3.007320097448061E-5
Islamabad,2026-03-30,4.075906582390885E-5
Faisalabad,2026-03-30,4.633828500775184E-5
Rawalpindi,2026-03-30,3.873507118045295E-5
Multan,2026-03-30,3.0433294625801537E-5
Peshawar,2026-03-30,
Gujranwala,2026-03-30,4.8141151491434786E-5
Quetta,2026-03-30,1.3620962289011035E-5
Sialkot,2026-03-30,3.883836462928491E-5
Hyderabad,2026-03-30,2.8471269024476035E-5
Bahawalpur,2026-03-30,2.4457461124300246E-5
Sargodha,2026-03-30,1.9916272213045203E-5
Sukkur,2026-03-30,3.1202023506826874E-5
Larkana,2026-03-30,2.276997269607887E-5
Lahore,2026-03-31,6.051772342756847E-5
Karachi,2026-03-31,2.806561236802172E-5
Islamabad,2026-03-31,6.102421447610736E-5
Faisalabad,2026-03-31,4.914757540561778E-5
Rawalpindi,2026-03-31,7.626908890825539E-5
Multan,2026-03-31,4.0907529073797644E-5
Peshawar,2026-03-31,1.6308478203575744E-5
Gujranwala,2026-03-31,1.0418153527561874E-5
Quetta,2026-03-31,7.425744897693776E-6
Sialkot,2026-03-31,2.122937961881943E-5
Hyderabad,2026-03-31,
Bahawalpur,2026-03-31,3.5614316684445996E-5
Sargodha,2026-03-31,2.676655798054223E-5
Sukkur,2026-03-31,2.791741697992845E-5
Larkana,2026-03-31,2.819635722234041E-5
Lahore,2026-04-01,3.250213632762645E-5
Karachi,2026-04-01,2.4201629049533255E-5
Islamabad,2026-04-01,5.288967533362758E-5
Faisalabad,2026-04-01,7.470605772467937E-5
Rawalpindi,2026-04-01,4.286900582873237E-5
Multan,2026-04-01,4.29236191717896E-5
Peshawar,2026-04-01,2.446507440765178E-5
Gujranwala,2026-04-01,2.185897499914653E-5
Quetta,2026-04-01,1.545683771341215E-5
Sialkot,2026-04-01,1.5373879321347744E-5
Hyderabad,2026-04-01,3.330465244633282E-5
Bahawalpur,2026-04-01,3.1459282158399704E-5
Sargodha,2026-04-01,3.27691785207039E-5
Sukkur,2026-04-01,5.014710610776547E-5
Larkana,2026-04-01,4.101025353926597E-5
Lahore,2026-04-02,6.979437442647029E-5
Karachi,2026-04-02,
Islamabad,2026-04-02,3.6390519145937565E-5
Faisalabad,2026-04-02,6.475197813847235E-5
Rawalpindi,2026-04-02,
Multan,2026-04-02,4.6281574447234334E-5
Peshawar,2026-04-02,
Gujranwala,2026-04-02,5.3738190880225986E-5
Quetta,2026-04-02,
Sialkot,2026-04-02,4.5825906450087E-5
Hyderabad,2026-04-02,
Bahawalpur,2026-04-02,4.4697273761166266E-5
Sargodha,2026-04-02,4.696415795069104E-5
Sukkur,2026-04-02,
Larkana,2026-04-02,
Lahore,2026-04-03,8.526305696247524E-5
Karachi,2026-04-03,3.6506453218651443E-5
Islamabad,2026-04-03,
Faisalabad,2026-04-03,2.096157005888396E-5
Rawalpindi,2026-04-03,
Multan,2026-04-03,5.105730524378481E-5
Peshawar,2026-04-03,
Gujranwala,2026-04-03,5.747441013028087E-5
Quetta,2026-04-03,
Sialkot,2026-04-03,
Hyderabad,2026-04-03,3.869677075897532E-5
Bahawalpur,2026-04-03,2.2719199687964322E-5
Sargodha,2026-04-03,3.745117206751124E-5
Sukkur,2026-04-03,2.727582837743899E-5
Larkana,2026-04-03,2.762915474190677E-5
Lahore,2026-04-04,5.195435532871698E-5
Karachi,2026-04-04,3.7784144877791787E-5
Islamabad,2026-04-04,1.911626169321689E-6
Faisalabad,2026-04-04,3.47171888395813E-5
Rawalpindi,2026-04-04,1.1917572224865236E-5
Multan,2026-04-04,3.10816276868232E-5
Peshawar,2026-04-04,1.5834538841443864E-5
Gujranwala,2026-04-04,3.324962316065107E-5
Quetta,2026-04-04,1.567359706597242E-5
Sialkot,2026-04-04,1.8723775695230433E-5
Hyderabad,2026-04-04,3.141124508548153E-5
Bahawalpur,2026-04-04,3.70814195156089E-5
Sargodha,2026-04-04,2.2025968160238713E-5
Sukkur,2026-04-04,3.412610821931912E-5
Larkana,2026-04-04,3.2163938790889784E-5
Lahore,2026-04-05,4.819774743037113E-5
Karachi,2026-04-05,3.260088911036072E-5
Islamabad,2026-04-05,4.079733460050684E-5
Faisalabad,2026-04-05,3.30940862085413E-5
Rawalpindi,2026-04-05,4.3021968618581E-5
Multan,2026-04-05,3.811398397071622E-5
Peshawar,2026-04-05,2.1141453258262482E-5
Gujranwala,2026-04-05,3.302372493457649E-5
Quetta,2026-04-05,1.505525250062675E-5
Sialkot,2026-04-05,2.7409125244696285E-5
Hyderabad,2026-04-05,3.911618170341858E-5
Bahawalpur,2026-04-05,3.4828395639200376E-5
Sargodha,2026-04-05,1.7890579281775597E-5
Sukkur,2026-04-05,3.790650023091595E-5
Larkana,2026-04-05,4.22328821642117E-5
Lahore,2026-04-06,5.753944737119994E-5
Karachi,2026-04-06,1.7871377940989294E-5
Islamabad,2026-04-06,2.8950150666011797E-5
Faisalabad,2026-04-06,2.6617800474517037E-5
Rawalpindi,2026-04-06,2.614460995814641E-5
Multan,2026-04-06,
Peshawar,2026-04-06,2.5538219357562972E-5
Gujranwala,2026-04-06,2.4343978818480757E-5
Quetta,2026-04-06,1.5215197898073585E-5
Sialkot,2026-04-06,1.9220503957004788E-5
Hyderabad,2026-04-06,2.4136171958762233E-5
Bahawalpur,2026-04-06,
Sargodha,2026-04-06,2.180850188885897E-5
Sukkur,2026-04-06,3.06595939547117E-5
Larkana,2026-04-06,2.6194374046311886E-5
Lahore,2026-04-07,
Karachi,2026-04-07,3.382437733366411E-5
Islamabad,2026-04-07,
Faisalabad,2026-04-07,
Rawalpindi,2026-04-07,
Multan,2026-04-07,3.7168598573067015E-5
Peshawar,2026-04-07,
Gujranwala,2026-04-07,
Quetta,2026-04-07,1.282646735184136E-5
Sialkot,2026-04-07,
Hyderabad,2026-04-07,3.196627301593623E-5
Bahawalpur,2026-04-07,2.226433055012377E-5
Sargodha,2026-04-07,
Sukkur,2026-04-07,3.738279775628302E-5
Larkana,2026-04-07,3.639099029526297E-5
Lahore,2026-04-08,5.897040730963612E-5
Karachi,2026-04-08,6.538044818233364E-5
Islamabad,2026-04-08,
Faisalabad,2026-04-08,3.953461185407994E-5
Rawalpindi,2026-04-08,3.3407944592637284E-5
Multan,2026-04-08,4.5298607015664146E-5
Peshawar,2026-04-08,2.039184623838597E-5
Gujranwala,2026-04-08,2.6402061049053114E-5
Quetta,2026-04-08,1.416417731763842E-5
Sialkot,2026-04-08,2.6846620618284662E-5
Hyderabad,2026-04-08,3.512399634147135E-5
Bahawalpur,2026-04-08,4.738650857049723E-5
Sargodha,2026-04-08,2.4029119847503906E-5
Sukkur,2026-04-08,4.6790781180081746E-5
Larkana,2026-04-08,4.3405422021493776E-5
Lahore,2026-04-09,6.246188489394426E-5
Karachi,2026-04-09,8.822245333933306E-5
Islamabad,2026-04-09,4.96091588914053E-5
Faisalabad,2026-04-09,3.708359927125871E-5
Rawalpindi,2026-04-09,4.3220716025095934E-5
Multan,2026-04-09,4.517520734410409E-5
Peshawar,2026-04-09,3.182088599231097E-5
Gujranwala,2026-04-09,3.361578699436979E-5
Quetta,2026-04-09,1.9233481323146945E-5
Sialkot,2026-04-09,2.435375474227915E-5
Hyderabad,2026-04-09,3.25789562644219E-5
Bahawalpur,2026-04-09,4.183738213398189E-5
Sargodha,2026-04-09,2.7248114911839685E-5
Sukkur,2026-04-09,3.271211063391489E-5
Larkana,2026-04-09,3.0498316078817476E-5
Lahore,2026-04-10,5.714038552075289E-5
Karachi,2026-04-10,3.977150294578692E-5
Islamabad,2026-04-10,3.835412368095987E-5
Faisalabad,2026-04-10,3.445511957765175E-5
Rawalpindi,2026-04-10,4.0306659723865825E-5
Multan,2026-04-10,4.250093941744237E-5
Peshawar,2026-04-10,3.144328023577461E-5
Gujranwala,2026-04-10,3.328415513119094E-5
Quetta,2026-04-10,
Sialkot,2026-04-10,2.910686972397619E-5
Hyderabad,2026-04-10,2.8473856996020373E-5
Bahawalpur,2026-04-10,3.79285847696228E-5
Sargodha,2026-04-10,2.529089442521538E-5
Sukkur,2026-04-10,2.9304406580839518E-5
Larkana,2026-04-10,3.038035461851476E-5
Lahore,2026-04-11,5.452592082971493E-5
Karachi,2026-04-11,4.1648775077845735E-5
Islamabad,2026-04-11,3.729003324646224E-5
Faisalabad,2026-04-11,3.8522580322913606E-5
Rawalpindi,2026-04-11,3.920887784703622E-5
Multan,2026-04-11,5.226365090415821E-5
Peshawar,2026-04-11,2.8385721013423113E-5
Gujranwala,2026-04-11,3.7524598990595034E-5
Quetta,2026-04-11,1.8359455065715018E-5
Sialkot,2026-04-11,3.2686177381190125E-5
Hyderabad,2026-04-11,3.324243848028832E-5
Bahawalpur,2026-04-11,4.347027619382311E-5
Sargodha,2026-04-11,2.899281387457022E-5
Sukkur,2026-04-11,4.1574917759035996E-5
Larkana,2026-04-11,3.893304898994285E-5
Lahore,2026-04-12,6.588519655835084E-5
Karachi,2026-04-12,1.0655131324800368E-4
Islamabad,2026-04-12,4.356165158972366E-5
Faisalabad,2026-04-12,5.9713099289454936E-5
Rawalpindi,2026-04-12,4.599837193327186E-5
Multan,2026-04-12,6.265084456877131E-5
Peshawar,2026-04-12,3.752949778530984E-5
Gujranwala,2026-04-12,4.133584948504717E-5
Quetta,2026-04-12,2.7366461379813788E-5
Sialkot,2026-04-12,3.50069821232787E-5
Hyderabad,2026-04-12,5.812398875010413E-5
Bahawalpur,2026-04-12,4.945529935879091E-5
Sargodha,2026-04-12,4.259766960499478E-5
Sukkur,2026-04-12,4.711702087999319E-5
Larkana,2026-04-12,4.9800365577071874E-5
Lahore,2026-04-13,
Karachi,2026-04-13,3.777134888617432E-5
Islamabad,2026-04-13,4.708150668330597E-5
Faisalabad,2026-04-13,5.761634237075328E-5
Rawalpindi,2026-04-13,4.731316543068992E-5
Multan,2026-04-13,6.302802630318095E-5
Peshawar,2026-04-13,4.314561844477184E-5
Gujranwala,2026-04-13,3.2261517072302654E-5
Quetta,2026-04-13,1.8554944157463297E-5
Sialkot,2026-04-13,2.9702472045592245E-5
Hyderabad,2026-04-13,4.177741038374438E-5
Bahawalpur,2026-04-13,5.042041908938994E-5
Sargodha,2026-04-13,3.0263420801367907E-5
Sukkur,2026-04-13,4.472860514717615E-5
Larkana,2026-04-13,4.238576694580218E-5
Lahore,2026-04-14,8.259408447198984E-5
Karachi,2026-04-14,4.653839270289969E-5
Islamabad,2026-04-14,6.344062349558837E-5
Faisalabad,2026-04-14,6.836004762544557E-5
Rawalpindi,2026-04-14,5.9224523732096104E-5
Multan,2026-04-14,6.091939330743857E-5
Peshawar,2026-04-14,4.000453950285705E-5
Gujranwala,2026-04-14,4.426579378383791E-5
Quetta,2026-04-14,2.2547900259744843E-5
Sialkot,2026-04-14,3.717508737775289E-5
Hyderabad,2026-04-14,4.2111098086824454E-5
Bahawalpur,2026-04-14,4.817316098634541E-5
Sargodha,2026-04-14,4.152376428348158E-5
Sukkur,2026-04-14,5.035866298194288E-5
Larkana,2026-04-14,4.4614260780918226E-5
Lahore,2026-04-15,7.166638299039611E-5
Karachi,2026-04-15,4.510793416025989E-5
Islamabad,2026-04-15,4.3436559976187235E-5
Faisalabad,2026-04-15,3.8872369294238354E-5
Rawalpindi,2026-04-15,4.604241708937324E-5
Multan,2026-04-15,5.250176821655586E-5
Peshawar,2026-04-15,4.086363651529315E-5
Gujranwala,2026-04-15,3.908821603519576E-5
Quetta,2026-04-15,2.3721319370367058E-5
Sialkot,2026-04-15,2.885767872505202E-5
Hyderabad,2026-04-15,3.772180105728928E-5
Bahawalpur,2026-04-15,3.988924270510319E-5
Sargodha,2026-04-15,3.3410215685149584E-5
Sukkur,2026-04-15,3.486721629328306E-5
Larkana,2026-04-15,3.585765979151987E-5
Lahore,2026-04-16,6.651730915556499E-5
Karachi,2026-04-16,2.2958215298988743E-5
Islamabad,2026-04-16,5.428163276606552E-5
Faisalabad,2026-04-16,2.0926717988063712E-4
Rawalpindi,2026-04-16,4.1305611445822846E-5
Multan,2026-04-16,4.012415287418752E-5
Peshawar,2026-04-16,2.5888631680862047E-5
Gujranwala,2026-04-16,4.885012578308558E-5
Quetta,2026-04-16,
Sialkot,2026-04-16,2.850756711142402E-5
Hyderabad,2026-04-16,4.353349513027732E-5
Bahawalpur,2026-04-16,3.974575686805279E-5
Sargodha,2026-04-16,6.167548689595026E-5
Sukkur,2026-04-16,
Larkana,2026-04-16,
Lahore,2026-04-17,3.889291015112617E-5
Karachi,2026-04-17,3.60530680574338E-5
Islamabad,2026-04-17,2.41422936805611E-5
Faisalabad,2026-04-17,3.642186113499417E-5
Rawalpindi,2026-04-17,4.0653014001296194E-5
Multan,2026-04-17,4.9311480225049636E-5
Peshawar,2026-04-17,1.84240125350805E-5
Gujranwala,2026-04-17,3.0543426331755337E-6
Quetta,2026-04-17,8.283099379506438E-6
Sialkot,2026-04-17,
Hyderabad,2026-04-17,3.185937182629395E-5
Bahawalpur,2026-04-17,4.621850638586073E-5
Sargodha,2026-04-17,3.1309125575702067E-5
Sukkur,2026-04-17,3.826728133294223E-5
Larkana,2026-04-17,3.596458152432118E-5
Lahore,2026-04-18,4.978317137333832E-5
Karachi,2026-04-18,4.251441213923925E-5
Islamabad,2026-04-18,4.0766204272757796E-5
Faisalabad,2026-04-18,5.032359498687504E-5
Rawalpindi,2026-04-18,4.7931925441769305E-5
Multan,2026-04-18,5.637502870588014E-5
Peshawar,2026-04-18,
Gujranwala,2026-04-18,3.101666863547907E-5
Quetta,2026-04-18,1.5505383347689348E-5
Sialkot,2026-04-18,2.7638564433609056E-5
Hyderabad,2026-04-18,3.817027351914928E-5
Bahawalpur,2026-04-18,4.255221643050084E-5
Sargodha,2026-04-18,3.032010879602025E-5
Sukkur,2026-04-18,4.2518155418851835E-5
Larkana,2026-04-18,4.3935979764885154E-5
Lahore,2026-04-19,4.741602735294958E-5
Karachi,2026-04-19,4.518320244797691E-5
Islamabad,2026-04-19,4.0235216436513755E-5
Faisalabad,2026-04-19,4.391940877316667E-5
Rawalpindi,2026-04-19,4.2894532296282484E-5
Multan,2026-04-19,4.5080829843329384E-5
Peshawar,2026-04-19,2.7659849771714774E-5
Gujranwala,2026-04-19,3.3490104988059146E-5
Quetta,2026-04-19,2.7319118729380172E-5
Sialkot,2026-04-19,2.6853213736091456E-5
Hyderabad,2026-04-19,5.29745918337101E-5
Bahawalpur,2026-04-19,5.011037718266431E-5
Sargodha,2026-04-19,3.4420132259815336E-5
Sukkur,2026-04-19,4.697050513891708E-5
Larkana,2026-04-19,4.319859298976907E-5
Lahore,2026-04-20,6.928938302172421E-5
Karachi,2026-04-20,4.915423005882572E-5
Islamabad,2026-04-20,4.62633733202735E-5
Faisalabad,2026-04-20,5.012063054236461E-5
Rawalpindi,2026-04-20,4.757482334774959E-5
Multan,2026-04-20,6.299072940107688E-5
Peshawar,2026-04-20,3.7198860865345465E-5
Gujranwala,2026-04-20,2.8295188752943464E-5
Quetta,2026-04-20,1.860673207123367E-5
Sialkot,2026-04-20,2.521407251407569E-5
Hyderabad,2026-04-20,4.845084140085977E-5
Bahawalpur,2026-04-20,4.772157138618142E-5
Sargodha,2026-04-20,3.167482388963883E-5
Sukkur,2026-04-20,3.320731482070929E-5
Larkana,2026-04-20,3.670110970690036E-5
Lahore,2026-04-21,7.34797119133163E-5
Karachi,2026-04-21,3.437407315971654E-5
Islamabad,2026-04-21,4.295023654926633E-5
Faisalabad,2026-04-21,4.1571523144634084E-5
Rawalpindi,2026-04-21,4.102492866150211E-5
Multan,2026-04-21,6.258272929626793E-5
Peshawar,2026-04-21,3.5022557903007034E-5
Gujranwala,2026-04-21,4.075065499761421E-5
Quetta,2026-04-21,1.8732957362393876E-5
Sialkot,2026-04-21,3.793871015733003E-5
Hyderabad,2026-04-21,2.9247477813415732E-5
Bahawalpur,2026-04-21,4.1712879746150586E-5
Sargodha,2026-04-21,3.087859339323831E-5
Sukkur,2026-04-21,3.300730459566209E-5
Larkana,2026-04-21,3.39006616974955E-5
Lahore,2026-04-22,9.328385488019286E-5
Karachi,2026-04-22,3.466946727128636E-5
Islamabad,2026-04-22,4.022415128305297E-5
Faisalabad,2026-04-22,5.2006623255368156E-5
Rawalpindi,2026-04-22,4.745349558877401E-5
Multan,2026-04-22,4.041427850999806E-5
Peshawar,2026-04-22,2.9796050813046632E-5
Gujranwala,2026-04-22,5.121475862155719E-5
Quetta,2026-04-22,7.76898221240398E-7
Sialkot,2026-04-22,4.066510477005101E-5
Hyderabad,2026-04-22,3.881511865017897E-5
Bahawalpur,2026-04-22,4.7745563567674615E-5
Sargodha,2026-04-22,4.769214245733103E-5
Sukkur,2026-04-22,3.250458666243596E-5
Larkana,2026-04-22,3.2637960846636114E-5
Lahore,2026-04-23,1.0303810396068179E-4
Karachi,2026-04-23,3.511927455941053E-5
Islamabad,2026-04-23,3.8398800186016955E-5
Faisalabad,2026-04-23,6.024473809216126E-5
Rawalpindi,2026-04-23,3.2777647629510256E-5
Multan,2026-04-23,4.644820884275549E-5
Peshawar,2026-04-23,2.5139484064843633E-5
Gujranwala,2026-04-23,5.5195423038978816E-5
Quetta,2026-04-23,-3.073119530963107E-6
Sialkot,2026-04-23,2.82153046220424E-5
Hyderabad,2026-04-23,3.897497194020375E-5
Bahawalpur,2026-04-23,5.917752810666034E-5
Sargodha,2026-04-23,3.58336143861791E-5
Sukkur,2026-04-23,4.1705296552364115E-5
Larkana,2026-04-23,3.511521949478219E-5
Lahore,2026-04-24,6.87220849778288E-5
Karachi,2026-04-24,3.5274396721488154E-5
Islamabad,2026-04-24,
Faisalabad,2026-04-24,6.745740923338955E-5
Rawalpindi,2026-04-24,
Multan,2026-04-24,4.796726741832392E-5
Peshawar,2026-04-24,2.5853537198210467E-5
Gujranwala,2026-04-24,3.854410349138391E-5
Quetta,2026-04-24,4.50137465756333E-6
Sialkot,2026-04-24,3.2926294944388726E-5
Hyderabad,2026-04-24,5.2460109346563504E-5
Bahawalpur,2026-04-24,4.948835994727455E-5
Sargodha,2026-04-24,3.504499326298062E-5
Sukkur,2026-04-24,3.737107183975135E-5
Larkana,2026-04-24,3.898821509423039E-5
Lahore,2026-04-25,7.833931812587282E-5
Karachi,2026-04-25,3.900073316360309E-5
Islamabad,2026-04-25,3.893091303927781E-5
Faisalabad,2026-04-25,5.309343936269627E-5
Rawalpindi,2026-04-25,4.6770487722878646E-5
Multan,2026-04-25,5.177763711517541E-5
Peshawar,2026-04-25,3.428673040178478E-5
Gujranwala,2026-04-25,4.4471785838122E-5
Quetta,2026-04-25,1.7294220144509448E-5
Sialkot,2026-04-25,3.209976858633085E-5
Hyderabad,2026-04-25,3.394523696679654E-5
Bahawalpur,2026-04-25,4.741119656574086E-5
Sargodha,2026-04-25,3.279628091512115E-5
Sukkur,2026-04-25,2.707622336630132E-5
Larkana,2026-04-25,2.740185370456399E-5
Lahore,2026-04-26,6.088019345660424E-5
Karachi,2026-04-26,2.4331162273760203E-5
Islamabad,2026-04-26,3.438277378334713E-5
Faisalabad,2026-04-26,5.339452601236754E-5
Rawalpindi,2026-04-26,4.488243976706428E-5
Multan,2026-04-26,4.956460343244088E-5
Peshawar,2026-04-26,3.459530487838689E-5
Gujranwala,2026-04-26,4.266297820657261E-5
Quetta,2026-04-26,1.2768258210030823E-5
Sialkot,2026-04-26,3.707508415670868E-5
Hyderabad,2026-04-26,2.366112305673243E-5
Bahawalpur,2026-04-26,4.1860623507061684E-5
Sargodha,2026-04-26,3.767529994385819E-5
Sukkur,2026-04-26,2.5279478104525814E-5
Larkana,2026-04-26,2.695965637452951E-5
Lahore,2026-04-27,9.317222161013762E-5
Karachi,2026-04-27,2.5518962881791046E-5
Islamabad,2026-04-27,7.68762049076393E-5
Faisalabad,2026-04-27,6.260160671865007E-5
Rawalpindi,2026-04-27,8.023317183816803E-5
Multan,2026-04-27,3.416236240869457E-5
Peshawar,2026-04-27,2.838521546089123E-5
Gujranwala,2026-04-27,5.74835109857757E-5
Quetta,2026-04-27,
Sialkot,2026-04-27,
Hyderabad,2026-04-27,3.660821463404006E-5
Bahawalpur,2026-04-27,4.052807081954048E-5
Sargodha,2026-04-27,4.5748710363663735E-5
Sukkur,2026-04-27,2.882763204498915E-5
Larkana,2026-04-27,3.468922853417257E-5
Lahore,2026-04-28,5.874553359999036E-5
Karachi,2026-04-28,2.6291587258932604E-5
Islamabad,2026-04-28,
Faisalabad,2026-04-28,6.731276522581783E-5
Rawalpindi,2026-04-28,
Multan,2026-04-28,5.3480803512925415E-5
Peshawar,2026-04-28,3.9000844762701176E-5
Gujranwala,2026-04-28,5.490766372762345E-5
Quetta,2026-04-28,3.118644393098966E-5
Sialkot,2026-04-28,4.502837579963055E-5
Hyderabad,2026-04-28,4.4653666780475934E-5
Bahawalpur,2026-04-28,5.132413883441301E-5
Sargodha,2026-04-28,4.93077620370556E-5
Sukkur,2026-04-28,4.9440878744929654E-5
Larkana,2026-04-28,4.8527953918047124E-5
Lahore,2026-04-29,9.107549931867643E-5
Karachi,2026-04-29,3.1121049281425094E-5
Islamabad,2026-04-29,3.730879886183935E-5
Faisalabad,2026-04-29,8.65159402002496E-5
Rawalpindi,2026-04-29,3.67951452120259E-5
Multan,2026-04-29,6.934853267994238E-5
Peshawar,2026-04-29,5.79975764191754E-5
Gujranwala,2026-04-29,5.565842728739556E-5
Quetta,2026-04-29,1.3980062801769525E-5
Sialkot,2026-04-29,3.483148135859258E-5
Hyderabad,2026-04-29,4.852669837211347E-5
Bahawalpur,2026-04-29,6.186992532400581E-5
Sargodha,2026-04-29,5.5575305302685845E-5
Sukkur,2026-04-29,4.055367292426315E-5
Larkana,2026-04-29,4.584394523771733E-5
Lahore,2026-04-30,9.647178460111598E-5
Karachi,2026-04-30,3.057220523613945E-5
Islamabad,2026-04-30,5.671358807143854E-5
Faisalabad,2026-04-30,7.986997425473189E-5
Rawalpindi,2026-04-30,5.082173254509997E-5
Multan,2026-04-30,7.152329666968338E-5
Peshawar,2026-04-30,5.071432674693689E-5
Gujranwala,2026-04-30,7.298333739108201E-5
Quetta,2026-04-30,1.7246658348387335E-5
Sialkot,2026-04-30,5.12531748247573E-5
Hyderabad,2026-04-30,3.9554072157946604E-5
Bahawalpur,2026-04-30,5.539441827567343E-5
Sargodha,2026-04-30,6.093001431922189E-5
Sukkur,2026-04-30,4.2199299061147205E-5
Larkana,2026-04-30,4.158226562096532E-5
Lahore,2026-05-01,7.88933193864566E-5
Karachi,2026-05-01,1.8994948904430232E-5
Islamabad,2026-05-01,5.861982500556212E-5
Faisalabad,2026-05-01,6.309525543733157E-5
Rawalpindi,2026-05-01,5.851710354570784E-5
Multan,2026-05-01,5.288844469286539E-5
Peshawar,2026-05-01,4.059873648259417E-5
Gujranwala,2026-05-01,6.649925135389713E-5
Quetta,2026-05-01,1.2666174680114585E-5
Sialkot,2026-05-01,6.01476644891167E-5
Hyderabad,2026-05-01,1.7083017254025142E-5
Bahawalpur,2026-05-01,4.15448868944488E-5
Sargodha,2026-05-01,4.174139919276011E-5
Sukkur,2026-05-01,4.059870820833114E-5
Larkana,2026-05-01,3.435677713204832E-5
Lahore,2026-05-02,8.045367503042615E-5
Karachi,2026-05-02,2.6754146430755645E-5
Islamabad,2026-05-02,6.355032284436313E-5
Faisalabad,2026-05-02,7.113981443426689E-5
Rawalpindi,2026-05-02,5.865789939939672E-5
Multan,2026-05-02,5.9589558254840685E-5
Peshawar,2026-05-02,3.9701115539626855E-5
Gujranwala,2026-05-02,6.310482447576886E-5
Quetta,2026-05-02,1.294863922550984E-5
Sialkot,2026-05-02,5.705982394845136E-5
Hyderabad,2026-05-02,3.57979765087206E-5
Bahawalpur,2026-05-02,4.191106456907541E-5
Sargodha,2026-05-02,4.8849364811978673E-5
Sukkur,2026-05-02,3.370393256776803E-5
Larkana,2026-05-02,3.6219100073782675E-5
Lahore,2026-05-03,5.4142104781021185E-5
Karachi,2026-05-03,5.368361511559348E-5
Islamabad,2026-05-03,4.006741856962132E-5
Faisalabad,2026-05-03,5.278185992149463E-5
Rawalpindi,2026-05-03,4.045758356177147E-5
Multan,2026-05-03,5.827092934943534E-5
Peshawar,2026-05-03,3.6292917775361396E-5
Gujranwala,2026-05-03,4.436866201070326E-5
Quetta,2026-05-03,2.3324900035475316E-5
Sialkot,2026-05-03,4.3543080437876554E-5
Hyderabad,2026-05-03,5.610411166731339E-5
Bahawalpur,2026-05-03,4.4360640594146104E-5
Sargodha,2026-05-03,4.8121042607192516E-5
Sukkur,2026-05-03,3.97837558352156E-5
Larkana,2026-05-03,5.4349531985181924E-5
Lahore,2026-05-04,8.732039289968955E-5
Karachi,2026-05-04,7.774530606949136E-5
Islamabad,2026-05-04,7.93294781905508E-5
Faisalabad,2026-05-04,6.882632722000507E-5
Rawalpindi,2026-05-04,7.338657286633559E-5
Multan,2026-05-04,5.772563773986182E-5
Peshawar,2026-05-04,4.893390879417246E-5
Gujranwala,2026-05-04,5.4846831757139105E-5
Quetta,2026-05-04,2.407757788500802E-5
Sialkot,2026-05-04,3.731900158675787E-5
Hyderabad,2026-05-04,5.0006507891647144E-5
Bahawalpur,2026-05-04,5.1865873005496804E-5
Sargodha,2026-05-04,5.764489717728609E-5
Sukkur,2026-05-04,4.0609676549517286E-5
Larkana,2026-05-04,4.56912004576676E-5
Lahore,2026-05-05,8.242777715220792E-5
Karachi,2026-05-05,6.554285387697014E-5
Islamabad,2026-05-05,6.694484851498192E-5
Faisalabad,2026-05-05,6.646871919026656E-5
Rawalpindi,2026-05-05,6.65206315589799E-5
Multan,2026-05-05,6.314661201881695E-5
Peshawar,2026-05-05,5.1359034008007985E-5
Gujranwala,2026-05-05,6.502477586694859E-5
Quetta,2026-05-05,2.5152846127207554E-5
Sialkot,2026-05-05,5.2925144879901166E-5
Hyderabad,2026-05-05,4.056719922150171E-5
Bahawalpur,2026-05-05,5.01527100898878E-5
Sargodha,2026-05-05,4.8827161780163686E-5
Sukkur,2026-05-05,4.102895745506185E-5
Larkana,2026-05-05,3.4735915095053165E-5
Lahore,2026-05-06,9.816015658340527E-5
Karachi,2026-05-06,3.5015320471566265E-5
Islamabad,2026-05-06,5.9813349125738395E-5
Faisalabad,2026-05-06,7.401272876118352E-5
Rawalpindi,2026-05-06,5.3758189942749106E-5
Multan,2026-05-06,5.56146901974826E-5
Peshawar,2026-05-06,5.2483867096544053E-5
Gujranwala,2026-05-06,7.312192261037333E-5
Quetta,2026-05-06,1.651588074309847E-5
Sialkot,2026-05-06,5.832025517641212E-5
Hyderabad,2026-05-06,5.1016961337302156E-5
Bahawalpur,2026-05-06,4.5895387538525434E-5
Sargodha,2026-05-06,5.183894163003336E-5
Sukkur,2026-05-06,2.9965340291305265E-5
Larkana,2026-05-06,3.9156429853936506E-5
Lahore,2026-05-07,8.012825692368051E-5
Karachi,2026-05-07,2.3271281745198848E-5
Islamabad,2026-05-07,3.9438269994956626E-5
Faisalabad,2026-05-07,6.778791421045268E-5
Rawalpindi,2026-05-07,4.0109492460931265E-5
Multan,2026-05-07,5.4215247977303475E-5
Peshawar,2026-05-07,5.392010909996513E-5
Gujranwala,2026-05-07,5.99774671483434E-5
Quetta,2026-05-07,1.7649403163333718E-5
Sialkot,2026-05-07,4.62568809543879E-5
Hyderabad,2026-05-07,3.843038536866E-5
Bahawalpur,2026-05-07,3.854807106366201E-5
Sargodha,2026-05-07,4.6942485080831425E-5
Sukkur,2026-05-07,3.186061434952749E-5
Larkana,2026-05-07,4.590357602858686E-5
Lahore,2026-05-08,6.42210832418465E-5
Karachi,2026-05-08,2.785396351768977E-5
Islamabad,2026-05-08,5.507011295603759E-5
Faisalabad,2026-05-08,6.165678165489304E-5
Rawalpindi,2026-05-08,5.209231748263334E-5
Multan,2026-05-08,5.434759125028548E-5
Peshawar,2026-05-08,4.171043659136337E-5
Gujranwala,2026-05-08,7.402228679990224E-5
Quetta,2026-05-08,1.0887196702947168E-5
Sialkot,2026-05-08,
Hyderabad,2026-05-08,3.5754395289175135E-5
Bahawalpur,2026-05-08,3.90731804934704E-5
Sargodha,2026-05-08,5.035477412981971E-5
Sukkur,2026-05-08,3.267597035601096E-5
Larkana,2026-05-08,3.1293665593360335E-5
Lahore,2026-05-09,6.238392735460827E-5
Karachi,2026-05-09,2.8774411463654282E-5
Islamabad,2026-05-09,4.648531434680755E-5
Faisalabad,2026-05-09,6.434653990776594E-5
Rawalpindi,2026-05-09,4.427119500066696E-5
Multan,2026-05-09,4.5674474250201186E-5
Peshawar,2026-05-09,4.2907972993927474E-5
Gujranwala,2026-05-09,1.0665880649589099E-4
Quetta,2026-05-09,1.9545444018876473E-5
Sialkot,2026-05-09,8.20260579459024E-5
Hyderabad,2026-05-09,5.2162682082520056E-5
Bahawalpur,2026-05-09,3.84851192738489E-5
Sargodha,2026-05-09,4.66067932643847E-5
Sukkur,2026-05-09,3.545189626658233E-5
Larkana,2026-05-09,4.731495235512609E-5
Lahore,2026-05-10,6.906068160123665E-5
Karachi,2026-05-10,1.8106801130492073E-5
Islamabad,2026-05-10,6.0655678647703966E-5
Faisalabad,2026-05-10,5.853901155590373E-5
Rawalpindi,2026-05-10,6.034399725078846E-5
Multan,2026-05-10,4.9700665680070835E-5
Peshawar,2026-05-10,
Gujranwala,2026-05-10,1.1037139362950736E-4
Quetta,2026-05-10,1.0519851420984545E-5
Sialkot,2026-05-10,7.206906030617254E-5
Hyderabad,2026-05-10,4.366854157681944E-5
Bahawalpur,2026-05-10,3.529832829908864E-5
Sargodha,2026-05-10,4.20706973108428E-5
Sukkur,2026-05-10,3.3577673923717627E-5
Larkana,2026-05-10,3.79805654429635E-5
Lahore,2026-05-11,4.247733993062532E-5
Karachi,2026-05-11,1.964821211152699E-5
Islamabad,2026-05-11,
Faisalabad,2026-05-11,5.097099539659117E-5
Rawalpindi,2026-05-11,
Multan,2026-05-11,4.939416002009499E-5
Peshawar,2026-05-11,3.7104603603069276E-5
Gujranwala,2026-05-11,3.3013766772993085E-5
Quetta,2026-05-11,1.0241412739488573E-5
Sialkot,2026-05-11,2.3935986515361267E-5
Hyderabad,2026-05-11,2.962212411507812E-5
Bahawalpur,2026-05-11,3.46677210766848E-5
Sargodha,2026-05-11,2.79133012120457E-5
Sukkur,2026-05-11,2.8216263382064245E-5
Larkana,2026-05-11,1.6068606520664272E-5
Lahore,2026-05-12,7.009032165330993E-5
Karachi,2026-05-12,2.4594438467508492E-5
Islamabad,2026-05-12,5.80611678039182E-5
Faisalabad,2026-05-12,4.2158933040857716E-5
Rawalpindi,2026-05-12,4.897806272213871E-5
Multan,2026-05-12,3.977010073819281E-5
Peshawar,2026-05-12,4.369329973080014E-5
Gujranwala,2026-05-12,4.855709673029829E-5
Quetta,2026-05-12,9.644804516247673E-6
Sialkot,2026-05-12,3.287641529575347E-5
Hyderabad,2026-05-12,2.4371097634026455E-5
Bahawalpur,2026-05-12,3.892051489960517E-5
Sargodha,2026-05-12,2.9004030727676265E-5
Sukkur,2026-05-12,2.627082519564066E-5
Larkana,2026-05-12,2.229362626764597E-5
Lahore,2026-05-13,6.424933147133745E-5
Karachi,2026-05-13,2.4448650542641366E-5
Islamabad,2026-05-13,5.7395886333358855E-5
Faisalabad,2026-05-13,5.8531119240688164E-5
Rawalpindi,2026-05-13,5.8561648031434E-5
Multan,2026-05-13,4.166743051348232E-5
Peshawar,2026-05-13,3.216032500614386E-5
Gujranwala,2026-05-13,5.876933223195981E-5
Quetta,2026-05-13,4.7189888124180986E-6
Sialkot,2026-05-13,4.468161612515202E-5
Hyderabad,2026-05-13,5.221420655031805E-5
Bahawalpur,2026-05-13,3.5180474216043866E-5
Sargodha,2026-05-13,3.742610571733144E-5
Sukkur,2026-05-13,2.3036671819498203E-5
Larkana,2026-05-13,2.4444883686094174E-5
Lahore,2026-05-14,7.36293385003657E-5
Karachi,2026-05-14,3.0972694912147886E-5
Islamabad,2026-05-14,5.6929326434307424E-5
Faisalabad,2026-05-14,5.966435326205233E-5
Rawalpindi,2026-05-14,4.915159968925356E-5
Multan,2026-05-14,4.192297749631688E-5
Peshawar,2026-05-14,
Gujranwala,2026-05-14,7.528081302572728E-5
Quetta,2026-05-14,8.797744148453223E-6
Sialkot,2026-05-14,3.925355367485666E-5
Hyderabad,2026-05-14,3.7039600429979E-5
Bahawalpur,2026-05-14,3.399549108807333E-5
Sargodha,2026-05-14,3.516449228695182E-5
Sukkur,2026-05-14,2.7164147544955918E-5
Larkana,2026-05-14,3.7152674678267E-5
Lahore,2026-05-15,6.92935000049865E-5
Karachi,2026-05-15,3.0177909325133443E-5
Islamabad,2026-05-15,5.000509741800784E-5
Faisalabad,2026-05-15,6.06349808740794E-5
Rawalpindi,2026-05-15,4.38729609869637E-5
Multan,2026-05-15,4.2672792484224464E-5
Peshawar,2026-05-15,4.1813040154327835E-5
Gujranwala,2026-05-15,5.0867203317539135E-5
Quetta,2026-05-15,7.141495680042116E-6
Sialkot,2026-05-15,3.905478423397943E-5
Hyderabad,2026-05-15,3.5094920962639185E-5
Bahawalpur,2026-05-15,5.0359132802887174E-5
Sargodha,2026-05-15,3.67177238394285E-5
Sukkur,2026-05-15,3.0007083078590932E-5
Larkana,2026-05-15,3.157213211758972E-5
Lahore,2026-05-16,9.93102416444084E-5
Karachi,2026-05-16,3.370103195276389E-5
Islamabad,2026-05-16,6.57083496581651E-5
Faisalabad,2026-05-16,6.660374226423891E-5
Rawalpindi,2026-05-16,5.914341272035096E-5
Multan,2026-05-16,4.258786389699253E-5
Peshawar,2026-05-16,4.488439660117886E-5
Gujranwala,2026-05-16,8.09031637715498E-5
Quetta,2026-05-16,1.4888165660433608E-5
Sialkot,2026-05-16,6.001804167467302E-5
Hyderabad,2026-05-16,3.873054368378073E-5
Bahawalpur,2026-05-16,4.101701056778755E-5
Sargodha,2026-05-16,5.2220608371520666E-5
Sukkur,2026-05-16,3.172185223998615E-5
Larkana,2026-05-16,3.509295940111445E-5
Lahore,2026-05-17,8.385244947672476E-5
Karachi,2026-05-17,2.2682614018031153E-5
Islamabad,2026-05-17,4.831079041193418E-5
Faisalabad,2026-05-17,4.787929256881393E-5
Rawalpindi,2026-05-17,4.922917784735158E-5
Multan,2026-05-17,4.076763381712806E-5
Peshawar,2026-05-17,4.5321504398558994E-5
Gujranwala,2026-05-17,7.920165158453359E-5
Quetta,2026-05-17,1.4532765795775174E-5
Sialkot,2026-05-17,4.9835319418241124E-5
Hyderabad,2026-05-17,2.9096989967463237E-5
Bahawalpur,2026-05-17,3.988322043885005E-5
Sargodha,2026-05-17,4.2616244286281545E-5
Sukkur,2026-05-17,3.3779550859663687E-5
Larkana,2026-05-17,3.2234377150115897E-5
Lahore,2026-05-18,6.865904656536999E-5
Karachi,2026-05-18,1.9079640363660903E-5
Islamabad,2026-05-18,5.825924729155832E-5
Faisalabad,2026-05-18,4.88917332129466E-5
Rawalpindi,2026-05-18,4.7964967985313944E-5
Multan,2026-05-18,3.3004240265003244E-5
Peshawar,2026-05-18,3.348995185564666E-5
Gujranwala,2026-05-18,5.12826246183454E-5
Quetta,2026-05-18,1.835585277051639E-5
Sialkot,2026-05-18,4.38786887235636E-5
Hyderabad,2026-05-18,2.5909838129456864E-5
Bahawalpur,2026-05-18,2.9484819565770946E-5
Sargodha,2026-05-18,3.5292142482807576E-5
Sukkur,2026-05-18,3.057711035376068E-5
Larkana,2026-05-18,3.193026138052607E-5
Lahore,2026-05-19,5.66133141626406E-5
Karachi,2026-05-19,2.1589546676725697E-5
Islamabad,2026-05-19,4.181687446866268E-5
Faisalabad,2026-05-19,3.787571167672088E-5
Rawalpindi,2026-05-19,3.7179945023451106E-5
Multan,2026-05-19,4.1555700714961814E-5
Peshawar,2026-05-19,3.1322038195040795E-5
Gujranwala,2026-05-19,5.1761818500740155E-5
Quetta,2026-05-19,2.0220909685675227E-5
Sialkot,2026-05-19,4.972770361244539E-5
Hyderabad,2026-05-19,2.2421862949567304E-5
Bahawalpur,2026-05-19,3.988522607552167E-5
Sargodha,2026-05-19,2.839383667659576E-5
Sukkur,2026-05-19,3.0227804813380677E-5
Larkana,2026-05-19,3.443056693384617E-5
Lahore,2026-05-20,6.56282793531191E-5
Karachi,2026-05-20,2.8915964957348723E-5
Islamabad,2026-05-20,5.615713717530811E-5
Faisalabad,2026-05-20,4.574819695952215E-5
Rawalpindi,2026-05-20,4.8343455345226186E-5
Multan,2026-05-20,3.420225522301215E-5
Peshawar,2026-05-20,2.6507769311554428E-5
Gujranwala,2026-05-20,7.504569730343905E-5
Quetta,2026-05-20,1.4183390924777002E-5
Sialkot,2026-05-20,4.6751196357168596E-5
Hyderabad,2026-05-20,3.3460430743335736E-5
Bahawalpur,2026-05-20,3.035118842199125E-5
Sargodha,2026-05-20,3.18599497415E-5
Sukkur,2026-05-20,3.3053445176098476E-5
Larkana,2026-05-20,4.360005442831157E-5
Lahore,2026-05-21,5.764854534519613E-5
Karachi,2026-05-21,2.6339420940884854E-5
Islamabad,2026-05-21,6.344933639936914E-5
Faisalabad,2026-05-21,5.168315018526429E-5
Rawalpindi,2026-05-21,6.314168403883494E-5
Multan,2026-05-21,4.770907587735369E-5
Peshawar,2026-05-21,3.27879427554397E-5
Gujranwala,2026-05-21,4.1272874452628506E-5
Quetta,2026-05-21,1.0211526780255499E-5
Sialkot,2026-05-21,2.7428481443459452E-5
Hyderabad,2026-05-21,3.4464297725553074E-5
Bahawalpur,2026-05-21,4.354930761466144E-5
Sargodha,2026-05-21,3.166784016243497E-5
Sukkur,2026-05-21,3.334043182683574E-5
Larkana,2026-05-21,3.1424082990264864E-5
Lahore,2026-05-22,6.755773456823225E-5
Karachi,2026-05-22,2.2202048180787104E-5
Islamabad,2026-05-22,4.826069743743364E-5
Faisalabad,2026-05-22,5.0719782028862274E-5
Rawalpindi,2026-05-22,4.7220047238175975E-5
Multan,2026-05-22,3.4997163401405915E-5
Peshawar,2026-05-22,3.4928399078368E-5
Gujranwala,2026-05-22,5.463500660847106E-5
Quetta,2026-05-22,1.897761615645189E-5
Sialkot,2026-05-22,3.774850972546129E-5
Hyderabad,2026-05-22,2.3574300413547135E-5
Bahawalpur,2026-05-22,2.9215587471940005E-5
Sargodha,2026-05-22,3.171691764287368E-5
Sukkur,2026-05-22,2.5033454758729035E-5
Larkana,2026-05-22,2.7878675327904275E-5
Lahore,2026-05-23,
Karachi,2026-05-23,
Islamabad,2026-05-23,
Faisalabad,2026-05-23,
Rawalpindi,2026-05-23,
Multan,2026-05-23,
Peshawar,2026-05-23,
Gujranwala,2026-05-23,
Quetta,2026-05-23,
Sialkot,2026-05-23,
Hyderabad,2026-05-23,
Bahawalpur,2026-05-23,
Sargodha,2026-05-23,
Sukkur,2026-05-23,
Larkana,2026-05-23,
Lahore,2026-05-24,
Karachi,2026-05-24,
Islamabad,2026-05-24,
Faisalabad,2026-05-24,
Rawalpindi,2026-05-24,
Multan,2026-05-24,
Peshawar,2026-05-24,
Gujranwala,2026-05-24,
Quetta,2026-05-24,
Sialkot,2026-05-24,
Hyderabad,2026-05-24,
Bahawalpur,2026-05-24,
Sargodha,2026-05-24,
Sukkur,2026-05-24,
Larkana,2026-05-24,
Lahore,2026-05-25,
Karachi,2026-05-25,
Islamabad,2026-05-25,
Faisalabad,2026-05-25,
Rawalpindi,2026-05-25,
Multan,2026-05-25,
Peshawar,2026-05-25,
Gujranwala,2026-05-25,
Quetta,2026-05-25,
Sialkot,2026-05-25,
Hyderabad,2026-05-25,
Bahawalpur,2026-05-25,
Sargodha,2026-05-25,
Sukkur,2026-05-25,
Larkana,2026-05-25,
Lahore,2026-05-26,
Karachi,2026-05-26,
Islamabad,2026-05-26,
Faisalabad,2026-05-26,
Rawalpindi,2026-05-26,
Multan,2026-05-26,
Peshawar,2026-05-26,
Gujranwala,2026-05-26,
Quetta,2026-05-26,
Sialkot,2026-05-26,
Hyderabad,2026-05-26,
Bahawalpur,2026-05-26,
Sargodha,2026-05-26,
Sukkur,2026-05-26,
Larkana,2026-05-26,
Lahore,2026-05-27,
Karachi,2026-05-27,
Islamabad,2026-05-27,
Faisalabad,2026-05-27,
Rawalpindi,2026-05-27,
Multan,2026-05-27,
Peshawar,2026-05-27,
Gujranwala,2026-05-27,
Quetta,2026-05-27,
Sialkot,2026-05-27,
Hyderabad,2026-05-27,
Bahawalpur,2026-05-27,
Sargodha,2026-05-27,
Sukkur,2026-05-27,
Larkana,2026-05-27,
Lahore,2026-05-28,
Karachi,2026-05-28,
Islamabad,2026-05-28,
Faisalabad,2026-05-28,
Rawalpindi,2026-05-28,
Multan,2026-05-28,
Peshawar,2026-05-28,
Gujranwala,2026-05-28,
Quetta,2026-05-28,
Sialkot,2026-05-28,
Hyderabad,2026-05-28,
Bahawalpur,2026-05-28,
Sargodha,2026-05-28,
Sukkur,2026-05-28,
Larkana,2026-05-28,
Lahore,2026-05-29,
Karachi,2026-05-29,
Islamabad,2026-05-29,
Faisalabad,2026-05-29,
Rawalpindi,2026-05-29,
Multan,2026-05-29,
Peshawar,2026-05-29,
Gujranwala,2026-05-29,
Quetta,2026-05-29,
Sialkot,2026-05-29,
Hyderabad,2026-05-29,
Bahawalpur,2026-05-29,
Sargodha,2026-05-29,
Sukkur,2026-05-29,
Larkana,2026-05-29,
Lahore,2026-05-30,
Karachi,2026-05-30,
Islamabad,2026-05-30,
Faisalabad,2026-05-30,
Rawalpindi,2026-05-30,
Multan,2026-05-30,
Peshawar,2026-05-30,
Gujranwala,2026-05-30,
Quetta,2026-05-30,
Sialkot,2026-05-30,
Hyderabad,2026-05-30,
Bahawalpur,2026-05-30,
Sargodha,2026-05-30,
Sukkur,2026-05-30,
Larkana,2026-05-30,
Lahore,2026-05-31,
Karachi,2026-05-31,
Islamabad,2026-05-31,
Faisalabad,2026-05-31,
Rawalpindi,2026-05-31,
Multan,2026-05-31,
Peshawar,2026-05-31,
Gujranwala,2026-05-31,
Quetta,2026-05-31,
Sialkot,2026-05-31,
Hyderabad,2026-05-31,
Bahawalpur,2026-05-31,
Sargodha,2026-05-31,
Sukkur,2026-05-31,
Larkana,2026-05-31,
