city,date,pm25
Lahore,2026-01-01,112.12593857378988
Karachi,2026-01-01,42.58082232110584
Islamabad,2026-01-01,61.81513155103228
Faisalabad,2026-01-01,129.6365440977682
Rawalpindi,2026-01-01,62.59990519603368
Multan,2026-01-01,91.21517686862065
Peshawar,2026-01-01,35.683149772018176
Gujranwala,2026-01-01,88.48277973505033
Quetta,2026-01-01,10.515096226687751
Sialkot,2026-01-01,100.30866788125157
Hyderabad,2026-01-01,48.19801381792888
Bahawalpur,2026-01-01,86.68366015649657
Sargodha,2026-01-01,125.6918308541556
Sukkur,2026-01-01,63.70433374914015
Larkana,2026-01-01,79.53014067898621
Lahore,2026-01-02,135.3684653222289
Karachi,2026-01-02,41.01619695166921
Islamabad,2026-01-02,53.19838620704402
Faisalabad,2026-01-02,161.04321623253364
Rawalpindi,2026-01-02,54.124508273937806
Multan,2026-01-02,120.69887628077868
Peshawar,2026-01-02,34.27573914693837
Gujranwala,2026-01-02,97.63622289404377
Quetta,2026-01-02,15.546343706626761
Sialkot,2026-01-02,103.1176706893867
Hyderabad,2026-01-02,41.83264040437989
Bahawalpur,2026-01-02,112.27467423349142
Sargodha,2026-01-02,103.91180592906635
Sukkur,2026-01-02,59.21771564751794
Larkana,2026-01-02,85.18013385362816
Lahore,2026-01-03,144.32384498513392
Karachi,2026-01-03,42.28190609600037
Islamabad,2026-01-03,66.98647576326589
Faisalabad,2026-01-03,141.61835410347453
Rawalpindi,2026-01-03,68.22321653641797
Multan,2026-01-03,152.22324840795108
Peshawar,2026-01-03,31.23140104680881
Gujranwala,2026-01-03,106.40472563340076
Quetta,2026-01-03,16.624003690865187
Sialkot,2026-01-03,139.68667635371662
Hyderabad,2026-01-03,44.04185834389975
Bahawalpur,2026-01-03,98.81777232715038
Sargodha,2026-01-03,76.02463379058486
Sukkur,2026-01-03,77.2863648713425
Larkana,2026-01-03,92.94626256825863
Lahore,2026-01-04,173.0117590693
Karachi,2026-01-04,48.697782575665926
Islamabad,2026-01-04,73.6117893648307
Faisalabad,2026-01-04,215.32807728327987
Rawalpindi,2026-01-04,75.97582926560608
Multan,2026-01-04,163.3825594516904
Peshawar,2026-01-04,37.31619966362842
Gujranwala,2026-01-04,134.87001240264362
Quetta,2026-01-04,15.370393448432065
Sialkot,2026-01-04,156.3490685984372
Hyderabad,2026-01-04,55.24476614095448
Bahawalpur,2026-01-04,82.94083867604908
Sargodha,2026-01-04,147.86012976201084
Sukkur,2026-01-04,88.1603670145111
Larkana,2026-01-04,104.87433430959729
Lahore,2026-01-05,153.5994315214012
Karachi,2026-01-05,49.06946403051048
Islamabad,2026-01-05,56.581904550370744
Faisalabad,2026-01-05,196.92415520466966
Rawalpindi,2026-01-05,58.27498479289857
Multan,2026-01-05,163.75583132051077
Peshawar,2026-01-05,30.454272970104057
Gujranwala,2026-01-05,117.75806396856395
Quetta,2026-01-05,13.277220855323728
Sialkot,2026-01-05,126.27952099140492
Hyderabad,2026-01-05,48.01612583594466
Bahawalpur,2026-01-05,91.83246831866587
Sargodha,2026-01-05,131.93288315589487
Sukkur,2026-01-05,58.28460121617065
Larkana,2026-01-05,79.96619661652187
Lahore,2026-01-06,155.51194037354247
Karachi,2026-01-06,34.48980844512361
Islamabad,2026-01-06,66.24487611850185
Faisalabad,2026-01-06,187.2465691559018
Rawalpindi,2026-01-06,67.49613905323041
Multan,2026-01-06,190.19268059426213
Peshawar,2026-01-06,32.77361450374863
Gujranwala,2026-01-06,122.56050863272877
Quetta,2026-01-06,14.009437900940299
Sialkot,2026-01-06,139.24542657953447
Hyderabad,2026-01-06,38.57655478311604
Bahawalpur,2026-01-06,136.21996264413872
Sargodha,2026-01-06,118.07959455795869
Sukkur,2026-01-06,63.62096584855328
Larkana,2026-01-06,74.98794027725091
Lahore,2026-01-07,148.93102995484566
Karachi,2026-01-07,32.26985352437868
Islamabad,2026-01-07,50.95634707362652
Faisalabad,2026-01-07,148.71434490697328
Rawalpindi,2026-01-07,52.44302426495099
Multan,2026-01-07,166.2559644514271
Peshawar,2026-01-07,31.654419344976738
Gujranwala,2026-01-07,114.35955165641487
Quetta,2026-01-07,17.406604770591343
Sialkot,2026-01-07,126.11443408953737
Hyderabad,2026-01-07,35.277894825516206
Bahawalpur,2026-01-07,127.44739603594093
Sargodha,2026-01-07,94.3235630987819
Sukkur,2026-01-07,63.361867650396206
Larkana,2026-01-07,72.23364958570636
Lahore,2026-01-08,182.00385217171106
Karachi,2026-01-08,29.273519206964348
Islamabad,2026-01-08,58.89299111638225
Faisalabad,2026-01-08,160.614965566835
Rawalpindi,2026-01-08,59.434478373412915
Multan,2026-01-08,156.70542730902832
Peshawar,2026-01-08,30.662674621595443
Gujranwala,2026-01-08,143.3800091292695
Quetta,2026-01-08,22.322376039561465
Sialkot,2026-01-08,168.59981358326309
Hyderabad,2026-01-08,31.192408864503726
Bahawalpur,2026-01-08,126.74354385493743
Sargodha,2026-01-08,119.79507227794946
Sukkur,2026-01-08,68.69467194491361
Larkana,2026-01-08,73.47161597158238
Lahore,2026-01-09,197.96909301616188
Karachi,2026-01-09,25.83117776088474
Islamabad,2026-01-09,74.54914881077174
Faisalabad,2026-01-09,210.82942516578933
Rawalpindi,2026-01-09,76.4391477024437
Multan,2026-01-09,153.30474301084206
Peshawar,2026-01-09,40.967202519226475
Gujranwala,2026-01-09,154.36805355143997
Quetta,2026-01-09,25.908158316030562
Sialkot,2026-01-09,166.29875885007652
Hyderabad,2026-01-09,30.072944506045808
Bahawalpur,2026-01-09,101.11430394144335
Sargodha,2026-01-09,175.10267919010596
Sukkur,2026-01-09,72.63196791696241
Larkana,2026-01-09,83.82686606833518
Lahore,2026-01-10,189.5064449827337
Karachi,2026-01-10,27.729974274069384
Islamabad,2026-01-10,73.58064209012198
Faisalabad,2026-01-10,229.1678499615885
Rawalpindi,2026-01-10,75.26673735063532
Multan,2026-01-10,209.27082754488796
Peshawar,2026-01-10,40.232369402648516
Gujranwala,2026-01-10,149.87221648069584
Quetta,2026-01-10,20.999231594977385
Sialkot,2026-01-10,166.5142296142181
Hyderabad,2026-01-10,33.7560017204981
Bahawalpur,2026-01-10,145.57710025581227
Sargodha,2026-01-10,131.62399392261514
Sukkur,2026-01-10,82.85732529587834
Larkana,2026-01-10,87.35360755230255
Lahore,2026-01-11,151.045312174232
Karachi,2026-01-11,29.985548642376727
Islamabad,2026-01-11,62.61650555921748
Faisalabad,2026-01-11,171.4391025040221
Rawalpindi,2026-01-11,64.00347365450372
Multan,2026-01-11,195.4638075312891
Peshawar,2026-01-11,42.13969046299819
Gujranwala,2026-01-11,122.73711656294124
Quetta,2026-01-11,18.10159948371197
Sialkot,2026-01-11,159.8481136639281
Hyderabad,2026-01-11,38.93196360598869
Bahawalpur,2026-01-11,132.2183460393451
Sargodha,2026-01-11,92.70968846560878
Sukkur,2026-01-11,85.43601218428525
Larkana,2026-01-11,91.67970234560414
Lahore,2026-01-12,186.81105674344366
Karachi,2026-01-12,42.24578820100078
Islamabad,2026-01-12,76.06405198647361
Faisalabad,2026-01-12,180.38961531356807
Rawalpindi,2026-01-12,78.1909749944497
Multan,2026-01-12,132.5430970558396
Peshawar,2026-01-12,47.40812969602121
Gujranwala,2026-01-12,139.62864821461034
Quetta,2026-01-12,18.80691587138213
Sialkot,2026-01-12,188.4151134895828
Hyderabad,2026-01-12,48.095969539841434
Bahawalpur,2026-01-12,88.9422060263563
Sargodha,2026-01-12,146.58160667404132
Sukkur,2026-01-12,88.7343436565377
Larkana,2026-01-12,97.46618080611236
Lahore,2026-01-13,209.88101598174356
Karachi,2026-01-13,43.91772747179236
Islamabad,2026-01-13,76.16395019697043
Faisalabad,2026-01-13,212.9728183210598
Rawalpindi,2026-01-13,78.95479706073709
Multan,2026-01-13,175.96042350342358
Peshawar,2026-01-13,43.31550669256501
Gujranwala,2026-01-13,177.53919322509003
Quetta,2026-01-13,17.73671232873814
Sialkot,2026-01-13,201.83704757487936
Hyderabad,2026-01-13,48.005984356217716
Bahawalpur,2026-01-13,127.15990308006603
Sargodha,2026-01-13,145.01764654454763
Sukkur,2026-01-13,84.18305436026233
Larkana,2026-01-13,113.26475604110207
Lahore,2026-01-14,186.32332320517642
Karachi,2026-01-14,37.56858309914654
Islamabad,2026-01-14,68.02432196136728
Faisalabad,2026-01-14,188.0615485561066
Rawalpindi,2026-01-14,70.18300640182308
Multan,2026-01-14,121.00599894689171
Peshawar,2026-01-14,40.41191759007745
Gujranwala,2026-01-14,159.97660746645283
Quetta,2026-01-14,14.829377511401178
Sialkot,2026-01-14,222.48871614284224
Hyderabad,2026-01-14,48.94588965326371
Bahawalpur,2026-01-14,87.7962800299497
Sargodha,2026-01-14,130.31107452358506
Sukkur,2026-01-14,78.68019920542953
Larkana,2026-01-14,108.15026173698685
Lahore,2026-01-15,209.17529728458788
Karachi,2026-01-15,34.051009909155454
Islamabad,2026-01-15,69.49870659971953
Faisalabad,2026-01-15,218.32688026699122
Rawalpindi,2026-01-15,72.49148600910777
Multan,2026-01-15,156.39909678654553
Peshawar,2026-01-15,49.95030596551449
Gujranwala,2026-01-15,185.9062210917767
Quetta,2026-01-15,17.95891074166399
Sialkot,2026-01-15,204.76816796749557
Hyderabad,2026-01-15,30.52289286630642
Bahawalpur,2026-01-15,85.51156753161156
Sargodha,2026-01-15,174.56534460682002
Sukkur,2026-01-15,48.598947332522165
Larkana,2026-01-15,86.09259190973364
Lahore,2026-01-16,235.54159484389785
Karachi,2026-01-16,31.782079028370887
Islamabad,2026-01-16,78.29151530860933
Faisalabad,2026-01-16,198.51280305042218
Rawalpindi,2026-01-16,81.76699035502946
Multan,2026-01-16,170.9429938428369
Peshawar,2026-01-16,52.22375658586742
Gujranwala,2026-01-16,200.26333095796397
Quetta,2026-01-16,29.250781413883615
Sialkot,2026-01-16,209.92415568293555
Hyderabad,2026-01-16,21.42162739733761
Bahawalpur,2026-01-16,82.10684309011405
Sargodha,2026-01-16,203.45871552391944
Sukkur,2026-01-16,62.42234837582478
Larkana,2026-01-16,86.72011985167786
Lahore,2026-01-17,231.07025313485292
Karachi,2026-01-17,27.176660178672968
Islamabad,2026-01-17,55.163990517066324
Faisalabad,2026-01-17,196.9155423335696
Rawalpindi,2026-01-17,59.48896574600993
Multan,2026-01-17,142.74861494550552
Peshawar,2026-01-17,56.11698741248006
Gujranwala,2026-01-17,187.0805523713384
Quetta,2026-01-17,34.109142054878
Sialkot,2026-01-17,168.16596977086377
Hyderabad,2026-01-17,36.130004544764304
Bahawalpur,2026-01-17,107.96625059635588
Sargodha,2026-01-17,220.80811517683355
Sukkur,2026-01-17,59.47206554166348
Larkana,2026-01-17,64.76092697782589
Lahore,2026-01-18,242.85914520062676
Karachi,2026-01-18,31.83034283158129
Islamabad,2026-01-18,61.05755799159222
Faisalabad,2026-01-18,233.4522390102533
Rawalpindi,2026-01-18,63.2768426339776
Multan,2026-01-18,162.31579717178428
Peshawar,2026-01-18,48.20314751056524
Gujranwala,2026-01-18,176.2294240971523
Quetta,2026-01-18,21.689128653998402
Sialkot,2026-01-18,168.13076351014485
Hyderabad,2026-01-18,52.87053452526325
Bahawalpur,2026-01-18,138.46526909124913
Sargodha,2026-01-18,193.56813256918886
Sukkur,2026-01-18,82.29261488568469
Larkana,2026-01-18,103.53189369628693
Lahore,2026-01-19,212.8682933549794
Karachi,2026-01-19,40.161286040375245
Islamabad,2026-01-19,62.43972916025811
Faisalabad,2026-01-19,238.96964981199392
Rawalpindi,2026-01-19,64.13179598578938
Multan,2026-01-19,188.1637781311858
Peshawar,2026-01-19,48.84977664598721
Gujranwala,2026-01-19,182.03411276891018
Quetta,2026-01-19,15.695596056569483
Sialkot,2026-01-19,177.05670341082165
Hyderabad,2026-01-19,55.74088560988329
Bahawalpur,2026-01-19,152.52479348526978
Sargodha,2026-01-19,228.73377509247211
Sukkur,2026-01-19,103.36260077543253
Larkana,2026-01-19,119.54927518879289
Lahore,2026-01-20,201.20318755059873
Karachi,2026-01-20,33.095081333542545
Islamabad,2026-01-20,56.15729540031736
Faisalabad,2026-01-20,256.54955657308585
Rawalpindi,2026-01-20,56.36970957239253
Multan,2026-01-20,175.7473530213883
Peshawar,2026-01-20,47.31340579322563
Gujranwala,2026-01-20,132.3690458113323
Quetta,2026-01-20,23.23795114954198
Sialkot,2026-01-20,127.17014823690795
Hyderabad,2026-01-20,41.767240383039834
Bahawalpur,2026-01-20,154.34107198983187
Sargodha,2026-01-20,164.93326007513625
Sukkur,2026-01-20,88.73942913036932
Larkana,2026-01-20,91.68195157189358
Lahore,2026-01-21,179.94886346829074
Karachi,2026-01-21,29.275408618668365
Islamabad,2026-01-21,58.90954113085316
Faisalabad,2026-01-21,214.74138651893344
Rawalpindi,2026-01-21,61.39378253210511
Multan,2026-01-21,145.1644841442671
Peshawar,2026-01-21,48.503356605185864
Gujranwala,2026-01-21,124.00173187396159
Quetta,2026-01-21,38.1911023878431
Sialkot,2026-01-21,129.97898774597363
Hyderabad,2026-01-21,47.48301949857044
Bahawalpur,2026-01-21,113.03043529250272
Sargodha,2026-01-21,155.1833549867227
Sukkur,2026-01-21,76.69492305743096
Larkana,2026-01-21,88.09226460627559
Lahore,2026-01-22,118.52364058867329
Karachi,2026-01-22,28.277013986743018
Islamabad,2026-01-22,38.003733316598236
Faisalabad,2026-01-22,106.56062097670937
Rawalpindi,2026-01-22,40.05383878910654
Multan,2026-01-22,79.36025710428173
Peshawar,2026-01-22,55.04530962892791
Gujranwala,2026-01-22,99.55933782511354
Quetta,2026-01-22,20.895084651034928
Sialkot,2026-01-22,98.28766712217633
Hyderabad,2026-01-22,24.355033937441696
Bahawalpur,2026-01-22,44.68480344546471
Sargodha,2026-01-22,110.86836650641587
Sukkur,2026-01-22,48.38747264029051
Larkana,2026-01-22,50.03634355778771
Lahore,2026-01-23,48.051411374089156
Karachi,2026-01-23,43.38300939001382
Islamabad,2026-01-23,28.66092788273546
Faisalabad,2026-01-23,70.07698189253321
Rawalpindi,2026-01-23,29.266306442713653
Multan,2026-01-23,52.815039580431886
Peshawar,2026-01-23,20.43332523922933
Gujranwala,2026-01-23,48.95177012728077
Quetta,2026-01-23,38.497382814151436
Sialkot,2026-01-23,47.903779963425286
Hyderabad,2026-01-23,30.14726989487321
Bahawalpur,2026-01-23,31.311589822215552
Sargodha,2026-01-23,62.71403190872665
Sukkur,2026-01-23,39.82092627715936
Larkana,2026-01-23,46.217905686082986
Lahore,2026-01-24,74.19536523249342
Karachi,2026-01-24,23.960858715946863
Islamabad,2026-01-24,35.84842105413984
Faisalabad,2026-01-24,84.4764233949473
Rawalpindi,2026-01-24,36.53968860817258
Multan,2026-01-24,48.624773413499014
Peshawar,2026-01-24,32.52291279250604
Gujranwala,2026-01-24,53.68681848455273
Quetta,2026-01-24,22.35246752442091
Sialkot,2026-01-24,50.41128119072996
Hyderabad,2026-01-24,24.20318595932739
Bahawalpur,2026-01-24,49.936188509451874
Sargodha,2026-01-24,63.304574938208646
Sukkur,2026-01-24,30.553508647400047
Larkana,2026-01-24,39.99466979005611
Lahore,2026-01-25,85.18806130783777
Karachi,2026-01-25,21.67779866724118
Islamabad,2026-01-25,47.40375050170346
Faisalabad,2026-01-25,85.7584417155102
Rawalpindi,2026-01-25,47.66956042972732
Multan,2026-01-25,69.08477438148597
Peshawar,2026-01-25,21.574609310182066
Gujranwala,2026-01-25,67.6501981467442
Quetta,2026-01-25,20.23771317577281
Sialkot,2026-01-25,83.653290894129
Hyderabad,2026-01-25,25.152834089934693
Bahawalpur,2026-01-25,83.31015317486936
Sargodha,2026-01-25,61.02808088321561
Sukkur,2026-01-25,45.56871415899327
Larkana,2026-01-25,51.55995392511851
Lahore,2026-01-26,121.57439857868371
Karachi,2026-01-26,24.241617055600692
Islamabad,2026-01-26,62.97338408041991
Faisalabad,2026-01-26,112.74807494470015
Rawalpindi,2026-01-26,63.687702775404574
Multan,2026-01-26,61.64359021836756
Peshawar,2026-01-26,37.80896696466604
Gujranwala,2026-01-26,104.0449411650867
Quetta,2026-01-26,13.399983069511
Sialkot,2026-01-26,114.14541279137201
Hyderabad,2026-01-26,27.28179436769658
Bahawalpur,2026-01-26,72.53607745500105
Sargodha,2026-01-26,93.80457685448847
Sukkur,2026-01-26,38.69814632751623
Larkana,2026-01-26,33.894969465200425
Lahore,2026-01-27,81.72790280433708
Karachi,2026-01-27,27.543734839938434
Islamabad,2026-01-27,42.41669147409254
Faisalabad,2026-01-27,91.07029878936585
Rawalpindi,2026-01-27,41.885602034394
Multan,2026-01-27,75.39304870293041
Peshawar,2026-01-27,27.427274856828276
Gujranwala,2026-01-27,67.73899918283384
Quetta,2026-01-27,5.919375763498684
Sialkot,2026-01-27,69.47317661567179
Hyderabad,2026-01-27,31.873474101053358
Bahawalpur,2026-01-27,73.06621030788868
Sargodha,2026-01-27,79.23680899257577
Sukkur,2026-01-27,48.327410792956115
Larkana,2026-01-27,44.49444179460438
Lahore,2026-01-28,112.62084124534036
Karachi,2026-01-28,36.445976561502945
Islamabad,2026-01-28,55.202544624874875
Faisalabad,2026-01-28,128.72150224351432
Rawalpindi,2026-01-28,56.215699509053366
Multan,2026-01-28,104.12644990786741
Peshawar,2026-01-28,31.772143101645625
Gujranwala,2026-01-28,95.78630770489406
Quetta,2026-01-28,15.956923874192587
Sialkot,2026-01-28,99.0410850126904
Hyderabad,2026-01-28,34.36978834244342
Bahawalpur,2026-01-28,89.09966005790444
Sargodha,2026-01-28,81.95085298686934
Sukkur,2026-01-28,52.97682038971001
Larkana,2026-01-28,64.42972214871787
Lahore,2026-01-29,86.87672970383699
Karachi,2026-01-29,23.114542690139984
Islamabad,2026-01-29,49.22229802727205
Faisalabad,2026-01-29,123.76979987913307
Rawalpindi,2026-01-29,49.96115134675246
Multan,2026-01-29,123.89580897642936
Peshawar,2026-01-29,27.761236998102845
Gujranwala,2026-01-29,68.29986399057104
Quetta,2026-01-29,19.513437609048356
Sialkot,2026-01-29,83.39161749731387
Hyderabad,2026-01-29,25.55657866656889
Bahawalpur,2026-01-29,73.70595918885215
Sargodha,2026-01-29,64.60875961109596
Sukkur,2026-01-29,47.73959894852592
Larkana,2026-01-29,52.667644011562345
Lahore,2026-01-30,126.27726960576354
Karachi,2026-01-30,29.20485819846164
Islamabad,2026-01-30,57.512727592804815
Faisalabad,2026-01-30,147.72121659234472
Rawalpindi,2026-01-30,58.02242484048843
Multan,2026-01-30,106.54336701378116
Peshawar,2026-01-30,25.674084824789386
Gujranwala,2026-01-30,88.13323552697948
Quetta,2026-01-30,31.58362276692593
Sialkot,2026-01-30,107.69557234203177
Hyderabad,2026-01-30,30.05401436325083
Bahawalpur,2026-01-30,79.5417049161983
Sargodha,2026-01-30,92.31967523212403
Sukkur,2026-01-30,46.21762660292965
Larkana,2026-01-30,57.391212532597436
Lahore,2026-01-31,167.75836536064753
Karachi,2026-01-31,31.571894534629607
Islamabad,2026-01-31,61.27953646592155
Faisalabad,2026-01-31,169.34615788299058
Rawalpindi,2026-01-31,63.53182523856932
Multan,2026-01-31,117.21706097037006
Peshawar,2026-01-31,30.831606704732433
Gujranwala,2026-01-31,126.74307643207966
Quetta,2026-01-31,36.94743404711799
Sialkot,2026-01-31,129.27542587251276
Hyderabad,2026-01-31,38.79783974113126
Bahawalpur,2026-01-31,64.60788012145504
Sargodha,2026-01-31,132.37557955015748
Sukkur,2026-01-31,56.97200944245201
Larkana,2026-01-31,55.12808390416354
Lahore,2026-02-01,131.25017833064905
Karachi,2026-02-01,35.69195416996962
Islamabad,2026-02-01,57.21771717744598
Faisalabad,2026-02-01,133.58453543332874
Rawalpindi,2026-02-01,59.331592307732734
Multan,2026-02-01,74.20485310820065
Peshawar,2026-02-01,34.82548384485066
Gujranwala,2026-02-01,111.52215407768698
Quetta,2026-02-01,17.74855517727905
Sialkot,2026-02-01,109.58082488607832
Hyderabad,2026-02-01,39.29816585656748
Bahawalpur,2026-02-01,67.78331919499017
Sargodha,2026-02-01,117.8005496074695
Sukkur,2026-02-01,49.92604001801992
Larkana,2026-02-01,58.60783674070324
Lahore,2026-02-02,116.76148828805279
Karachi,2026-02-02,36.434966052758874
Islamabad,2026-02-02,49.12364733523076
Faisalabad,2026-02-02,135.37960906153154
Rawalpindi,2026-02-02,50.326797817836706
Multan,2026-02-02,93.90904177057095
Peshawar,2026-02-02,31.010557433042152
Gujranwala,2026-02-02,85.54861241434438
Quetta,2026-02-02,16.73743295684509
Sialkot,2026-02-02,86.0729031726109
Hyderabad,2026-02-02,38.953597830916635
Bahawalpur,2026-02-02,78.2891800216407
Sargodha,2026-02-02,101.77364346147372
Sukkur,2026-02-02,52.86887911530554
Larkana,2026-02-02,63.95684816817441
Lahore,2026-02-03,143.65044079991833
Karachi,2026-02-03,36.420253838406104
Islamabad,2026-02-03,42.51044040894097
Faisalabad,2026-02-03,118.93946094687635
Rawalpindi,2026-02-03,45.24270529830711
Multan,2026-02-03,101.36992380333267
Peshawar,2026-02-03,32.63727593368533
Gujranwala,2026-02-03,114.35497650263247
Quetta,2026-02-03,17.82277663384603
Sialkot,2026-02-03,119.9624660139649
Hyderabad,2026-02-03,40.36965536193159
Bahawalpur,2026-02-03,80.54481161182541
Sargodha,2026-02-03,101.10727173634244
Sukkur,2026-02-03,58.611542789296756
Larkana,2026-02-03,77.7807398427648
Lahore,2026-02-04,109.13868901496198
Karachi,2026-02-04,30.208971725829663
Islamabad,2026-02-04,32.065491204638946
Faisalabad,2026-02-04,120.4672237520299
Rawalpindi,2026-02-04,32.92388257077027
Multan,2026-02-04,100.80447424470671
Peshawar,2026-02-04,32.04800265166341
Gujranwala,2026-02-04,76.82032046234426
Quetta,2026-02-04,31.0249286491367
Sialkot,2026-02-04,66.32893204201875
Hyderabad,2026-02-04,37.61434479902121
Bahawalpur,2026-02-04,73.72265866272082
Sargodha,2026-02-04,100.17871329442937
Sukkur,2026-02-04,49.67821632528257
Larkana,2026-02-04,59.86612424140071
Lahore,2026-02-05,84.82785768022887
Karachi,2026-02-05,35.08715094537361
Islamabad,2026-02-05,42.51420165659363
Faisalabad,2026-02-05,98.73590601527073
Rawalpindi,2026-02-05,42.93306146077895
Multan,2026-02-05,87.17856344941285
Peshawar,2026-02-05,25.39679886393031
Gujranwala,2026-02-05,57.956313217188
Quetta,2026-02-05,42.90025756858995
Sialkot,2026-02-05,80.42659102714534
Hyderabad,2026-02-05,36.46157801141301
Bahawalpur,2026-02-05,93.40803239969459
Sargodha,2026-02-05,68.44022098149198
Sukkur,2026-02-05,54.68605029972649
Larkana,2026-02-05,67.59709246581356
Lahore,2026-02-06,126.4409848465578
Karachi,2026-02-06,30.866518401058308
Islamabad,2026-02-06,37.28665849660547
Faisalabad,2026-02-06,122.82244910011286
Rawalpindi,2026-02-06,37.53597020880809
Multan,2026-02-06,101.59456137943677
Peshawar,2026-02-06,37.40050363483978
Gujranwala,2026-02-06,75.56513627773514
Quetta,2026-02-06,30.365857629155062
Sialkot,2026-02-06,79.01886176262097
Hyderabad,2026-02-06,38.65667127871335
Bahawalpur,2026-02-06,62.007896372103524
Sargodha,2026-02-06,91.0831680543737
Sukkur,2026-02-06,76.93022071489537
Larkana,2026-02-06,68.37800241617728
Lahore,2026-02-07,63.73267294349685
Karachi,2026-02-07,34.53214335847632
Islamabad,2026-02-07,38.439086374029024
Faisalabad,2026-02-07,92.17815379368123
Rawalpindi,2026-02-07,38.851777056041236
Multan,2026-02-07,78.55745730853313
Peshawar,2026-02-07,27.94746478314754
Gujranwala,2026-02-07,43.627933497764786
Quetta,2026-02-07,16.47496575944372
Sialkot,2026-02-07,52.455810676461475
Hyderabad,2026-02-07,42.87957843986236
Bahawalpur,2026-02-07,78.55115041222659
Sargodha,2026-02-07,58.08499960215986
Sukkur,2026-02-07,60.3854701384597
Larkana,2026-02-07,62.66874883659331
Lahore,2026-02-08,96.62683811678723
Karachi,2026-02-08,42.316105423131276
Islamabad,2026-02-08,43.43535592241387
Faisalabad,2026-02-08,114.65417224179384
Rawalpindi,2026-02-08,44.08780227168683
Multan,2026-02-08,108.79940042070606
Peshawar,2026-02-08,25.980905508464026
Gujranwala,2026-02-08,61.23103823394716
Quetta,2026-02-08,18.470983087875787
Sialkot,2026-02-08,90.737953992195
Hyderabad,2026-02-08,39.84975147568762
Bahawalpur,2026-02-08,75.79887629787856
Sargodha,2026-02-08,73.2739270968243
Sukkur,2026-02-08,54.46940712435091
Larkana,2026-02-08,67.63622681295259
Lahore,2026-02-09,110.00037044582352
Karachi,2026-02-09,31.478213967052795
Islamabad,2026-02-09,52.780189601990024
Faisalabad,2026-02-09,93.26876857165608
Rawalpindi,2026-02-09,53.30554195620702
Multan,2026-02-09,68.68979057299542
Peshawar,2026-02-09,28.93729900884286
Gujranwala,2026-02-09,91.24927762958697
Quetta,2026-02-09,25.465765404454757
Sialkot,2026-02-09,105.07573088124954
Hyderabad,2026-02-09,26.1685982804824
Bahawalpur,2026-02-09,49.55640476365036
Sargodha,2026-02-09,87.86081526901033
Sukkur,2026-02-09,54.96522319298546
Larkana,2026-02-09,54.24544983639306
Lahore,2026-02-10,67.39463038163514
Karachi,2026-02-10,32.869487157723896
Islamabad,2026-02-10,40.736943725175415
Faisalabad,2026-02-10,53.34077302931152
Rawalpindi,2026-02-10,41.74307811828893
Multan,2026-02-10,48.418579089303165
Peshawar,2026-02-10,32.04251179204458
Gujranwala,2026-02-10,44.2880945520894
Quetta,2026-02-10,23.914302017574144
Sialkot,2026-02-10,41.724129645906714
Hyderabad,2026-02-10,37.10451862713145
Bahawalpur,2026-02-10,50.84729054649426
Sargodha,2026-02-10,51.180844405889616
Sukkur,2026-02-10,45.525925338325685
Larkana,2026-02-10,56.788734090334664
Lahore,2026-02-11,48.65365971455566
Karachi,2026-02-11,35.40137948599719
Islamabad,2026-02-11,32.175972536421504
Faisalabad,2026-02-11,66.80080188149218
Rawalpindi,2026-02-11,33.17911553718476
Multan,2026-02-11,60.54912615539175
Peshawar,2026-02-11,25.01234580565281
Gujranwala,2026-02-11,38.93649256927189
Quetta,2026-02-11,18.295771028455228
Sialkot,2026-02-11,43.63674165371367
Hyderabad,2026-02-11,37.46897107448668
Bahawalpur,2026-02-11,54.96010047068011
Sargodha,2026-02-11,56.08736259857701
Sukkur,2026-02-11,45.15214613997586
Larkana,2026-02-11,61.27145042913471
Lahore,2026-02-12,66.36281842002764
Karachi,2026-02-12,37.682764156917656
Islamabad,2026-02-12,40.06107495896613
Faisalabad,2026-02-12,58.99808901250918
Rawalpindi,2026-02-12,40.87071735016577
Multan,2026-02-12,76.68726966850483
Peshawar,2026-02-12,24.152694951447742
Gujranwala,2026-02-12,50.71986906989917
Quetta,2026-02-12,15.585712337587335
Sialkot,2026-02-12,77.34806393804384
Hyderabad,2026-02-12,34.30171835669731
Bahawalpur,2026-02-12,71.66339958997129
Sargodha,2026-02-12,53.284877592883994
Sukkur,2026-02-12,64.32967241298041
Larkana,2026-02-12,76.30631620963034
Lahore,2026-02-13,97.7747166877098
Karachi,2026-02-13,34.32774449312166
Islamabad,2026-02-13,43.07864996580201
Faisalabad,2026-02-13,111.16215503648164
Rawalpindi,2026-02-13,45.00696398201663
Multan,2026-02-13,100.70925632446168
Peshawar,2026-02-13,26.39561218117
Gujranwala,2026-02-13,73.87815854727981
Quetta,2026-02-13,21.02424141294878
Sialkot,2026-02-13,94.04197585852278
Hyderabad,2026-02-13,30.508221634940483
Bahawalpur,2026-02-13,77.30415443238724
Sargodha,2026-02-13,99.21685004441215
Sukkur,2026-02-13,74.63907354124068
Larkana,2026-02-13,81.66561360693477
Lahore,2026-02-14,113.75463558390706
Karachi,2026-02-14,26.336896800179723
Islamabad,2026-02-14,38.849647475051306
Faisalabad,2026-02-14,128.5254181372973
Rawalpindi,2026-02-14,40.76207476877332
Multan,2026-02-14,115.73734380642395
Peshawar,2026-02-14,26.150253336817048
Gujranwala,2026-02-14,77.15697523982945
Quetta,2026-02-14,19.183818304017667
Sialkot,2026-02-14,82.63088658149157
Hyderabad,2026-02-14,22.11105026772106
Bahawalpur,2026-02-14,101.72527162377494
Sargodha,2026-02-14,106.63254041197884
Sukkur,2026-02-14,70.4682950340179
Larkana,2026-02-14,79.77819958980928
Lahore,2026-02-15,92.1818225019434
Karachi,2026-02-15,31.180935141564923
Islamabad,2026-02-15,38.24192454820534
Faisalabad,2026-02-15,107.50098138163804
Rawalpindi,2026-02-15,39.64103271593516
Multan,2026-02-15,93.09562168691465
Peshawar,2026-02-15,24.97491000674756
Gujranwala,2026-02-15,65.27908509398281
Quetta,2026-02-15,16.138974233654313
Sialkot,2026-02-15,83.71727023709315
Hyderabad,2026-02-15,20.710624660213437
Bahawalpur,2026-02-15,80.0048397049624
Sargodha,2026-02-15,83.53630858273858
Sukkur,2026-02-15,45.16136142337948
Larkana,2026-02-15,65.11193313366915
Lahore,2026-02-16,93.3875719851068
Karachi,2026-02-16,27.920941550249818
Islamabad,2026-02-16,37.31488461514338
Faisalabad,2026-02-16,78.48726441422446
Rawalpindi,2026-02-16,38.99136650528446
Multan,2026-02-16,65.5092430724886
Peshawar,2026-02-16,26.31383144343265
Gujranwala,2026-02-16,83.3170632389461
Quetta,2026-02-16,18.508217303586463
Sialkot,2026-02-16,86.23906245953042
Hyderabad,2026-02-16,23.676992435519388
Bahawalpur,2026-02-16,46.363641911985304
Sargodha,2026-02-16,93.58112510166096
Sukkur,2026-02-16,28.038173788613435
Larkana,2026-02-16,40.82678834352697
Lahore,2026-02-17,91.1961975793346
Karachi,2026-02-17,34.7873874151361
Islamabad,2026-02-17,39.749549112813945
Faisalabad,2026-02-17,73.73744063207036
Rawalpindi,2026-02-17,40.86510340574905
Multan,2026-02-17,38.74256446498689
Peshawar,2026-02-17,23.136016006712147
Gujranwala,2026-02-17,83.95220015205743
Quetta,2026-02-17,20.160445389733624
Sialkot,2026-02-17,91.56928201336675
Hyderabad,2026-02-17,29.072115189909876
Bahawalpur,2026-02-17,40.54220971115745
Sargodha,2026-02-17,76.53008862906287
Sukkur,2026-02-17,36.47348911783865
Larkana,2026-02-17,30.912336144447302
Lahore,2026-02-18,80.93850203166744
Karachi,2026-02-18,33.01338809162775
Islamabad,2026-02-18,40.90250152408861
Faisalabad,2026-02-18,89.23038226253784
Rawalpindi,2026-02-18,42.16120660437221
Multan,2026-02-18,57.35988208974278
Peshawar,2026-02-18,23.09416760789181
Gujranwala,2026-02-18,62.98104166114131
Quetta,2026-02-18,22.385884104268968
Sialkot,2026-02-18,79.95917908515246
Hyderabad,2026-02-18,30.904421682149906
Bahawalpur,2026-02-18,50.98641854531656
Sargodha,2026-02-18,68.30514759691592
Sukkur,2026-02-18,39.82054370020005
Larkana,2026-02-18,34.45166970054993
Lahore,2026-02-19,94.64765545667082
Karachi,2026-02-19,31.55957731046591
Islamabad,2026-02-19,39.70911952598021
Faisalabad,2026-02-19,96.3832580243189
Rawalpindi,2026-02-19,41.39425937409169
Multan,2026-02-19,77.22521609332948
Peshawar,2026-02-19,24.95771747786554
Gujranwala,2026-02-19,69.61501124736891
Quetta,2026-02-19,20.61401097329242
Sialkot,2026-02-19,82.42345089241348
Hyderabad,2026-02-19,34.56678604072269
Bahawalpur,2026-02-19,62.9713166279037
Sargodha,2026-02-19,75.31972517287815
Sukkur,2026-02-19,40.83959327648643
Larkana,2026-02-19,40.57979340526331
Lahore,2026-02-20,90.35953350797709
Karachi,2026-02-20,32.83733276746239
Islamabad,2026-02-20,39.220450570057544
Faisalabad,2026-02-20,98.39032972973446
Rawalpindi,2026-02-20,40.864458080685836
Multan,2026-02-20,83.9039977147514
Peshawar,2026-02-20,29.828566283640612
Gujranwala,2026-02-20,65.26207463910237
Quetta,2026-02-20,19.50680585643003
Sialkot,2026-02-20,71.93084452556285
Hyderabad,2026-02-20,36.05303842219151
Bahawalpur,2026-02-20,66.70924293935245
Sargodha,2026-02-20,74.64956543510827
Sukkur,2026-02-20,49.31403377685782
Larkana,2026-02-20,49.14293613023905
Lahore,2026-02-21,81.97034927749114
Karachi,2026-02-21,36.182855498103976
Islamabad,2026-02-21,45.55995839515876
Faisalabad,2026-02-21,80.4800451922242
Rawalpindi,2026-02-21,46.80549881568521
Multan,2026-02-21,68.59253492451808
Peshawar,2026-02-21,31.96030175696881
Gujranwala,2026-02-21,63.89437866909762
Quetta,2026-02-21,14.628076068453508
Sialkot,2026-02-21,80.60859420663444
Hyderabad,2026-02-21,39.166560815670096
Bahawalpur,2026-02-21,61.52703604033745
Sargodha,2026-02-21,74.09930856939494
Sukkur,2026-02-21,58.47664217943995
Larkana,2026-02-21,58.48395982382398
Lahore,2026-02-22,102.42307408661017
Karachi,2026-02-22,30.12349409231137
Islamabad,2026-02-22,43.99030268315767
Faisalabad,2026-02-22,110.9110713698031
Rawalpindi,2026-02-22,45.61612083769322
Multan,2026-02-22,88.06291465652527
Peshawar,2026-02-22,27.833624915984956
Gujranwala,2026-02-22,91.66428228631365
Quetta,2026-02-22,13.915741325537713
Sialkot,2026-02-22,96.68012413849243
Hyderabad,2026-02-22,26.44780431384101
Bahawalpur,2026-02-22,70.28696082791602
Sargodha,2026-02-22,107.08805496682949
Sukkur,2026-02-22,54.58915927748076
Larkana,2026-02-22,62.34957726057448
Lahore,2026-02-23,99.85928874683827
Karachi,2026-02-23,34.340675004484154
Islamabad,2026-02-23,40.37889583047685
Faisalabad,2026-02-23,113.18128711169406
Rawalpindi,2026-02-23,42.03326539865651
Multan,2026-02-23,96.15792348520316
Peshawar,2026-02-23,31.526246583683335
Gujranwala,2026-02-23,92.66056397534514
Quetta,2026-02-23,15.30871723640177
Sialkot,2026-02-23,98.39843177429726
Hyderabad,2026-02-23,36.57586027060367
Bahawalpur,2026-02-23,64.15549918610495
Sargodha,2026-02-23,109.29393613496475
Sukkur,2026-02-23,50.771516807877326
Larkana,2026-02-23,50.92555829428983
Lahore,2026-02-24,103.41798440598194
Karachi,2026-02-24,30.565096684412104
Islamabad,2026-02-24,39.2861896449144
Faisalabad,2026-02-24,108.90505400049314
Rawalpindi,2026-02-24,40.76182575041369
Multan,2026-02-24,74.6466872529574
Peshawar,2026-02-24,36.71334437201542
Gujranwala,2026-02-24,89.64773599018373
Quetta,2026-02-24,14.672514299326362
Sialkot,2026-02-24,94.37133907762015
Hyderabad,2026-02-24,31.113174684514565
Bahawalpur,2026-02-24,48.69899109238546
Sargodha,2026-02-24,103.3492889520982
Sukkur,2026-02-24,53.75608657521327
Larkana,2026-02-24,49.53881811186962
Lahore,2026-02-25,96.30458190456874
Karachi,2026-02-25,23.914081569687855
Islamabad,2026-02-25,38.33322028266314
Faisalabad,2026-02-25,103.54454305937769
Rawalpindi,2026-02-25,39.60827738247556
Multan,2026-02-25,66.25331177948556
Peshawar,2026-02-25,38.61154929859131
Gujranwala,2026-02-25,78.22428871221469
Quetta,2026-02-25,16.66459062697602
Sialkot,2026-02-25,73.63507763024994
Hyderabad,2026-02-25,27.586656347905755
Bahawalpur,2026-02-25,47.261586530696775
Sargodha,2026-02-25,100.16357931109408
Sukkur,2026-02-25,50.310286477645754
Larkana,2026-02-25,47.317746084247226
Lahore,2026-02-26,93.01348198396538
Karachi,2026-02-26,20.135230269438317
Islamabad,2026-02-26,40.689152075330824
Faisalabad,2026-02-26,101.77073515539912
Rawalpindi,2026-02-26,42.00732731970759
Multan,2026-02-26,61.930237703388386
Peshawar,2026-02-26,39.28139220565896
Gujranwala,2026-02-26,68.67650051350684
Quetta,2026-02-26,24.367415793958884
Sialkot,2026-02-26,71.62831687071805
Hyderabad,2026-02-26,20.424213881968587
Bahawalpur,2026-02-26,42.336759640413234
Sargodha,2026-02-26,98.811646287824
Sukkur,2026-02-26,39.75629740067088
Larkana,2026-02-26,42.22711296227529
Lahore,2026-02-27,81.18262423180505
Karachi,2026-02-27,23.817431138439815
Islamabad,2026-02-27,38.40563959433554
Faisalabad,2026-02-27,81.5225469352754
Rawalpindi,2026-02-27,39.13223409551943
Multan,2026-02-27,82.01533723810942
Peshawar,2026-02-27,37.28232445728471
Gujranwala,2026-02-27,73.8349528531849
Quetta,2026-02-27,26.996291240791457
Sialkot,2026-02-27,73.26960717595671
Hyderabad,2026-02-27,17.662300975972816
Bahawalpur,2026-02-27,62.72503651338759
Sargodha,2026-02-27,81.36530498172449
Sukkur,2026-02-27,33.05980386203051
Larkana,2026-02-27,44.76941474421304
Lahore,2026-02-28,74.56052286122429
Karachi,2026-02-28,28.631451483189633
Islamabad,2026-02-28,34.209746360737284
Faisalabad,2026-02-28,95.12992458728431
Rawalpindi,2026-02-28,35.349771707399306
Multan,2026-02-28,70.72253947792137
Peshawar,2026-02-28,33.67356349315287
Gujranwala,2026-02-28,55.23986811547966
Quetta,2026-02-28,24.55247524065287
Sialkot,2026-02-28,49.604352876984805
Hyderabad,2026-02-28,23.84614574868076
Bahawalpur,2026-02-28,68.51380710867961
Sargodha,2026-02-28,83.0083563215324
Sukkur,2026-02-28,45.54881566119785
Larkana,2026-02-28,55.1673171080052
Lahore,2026-03-01,64.24329943994853
Karachi,2026-03-01,26.298322750242587
Islamabad,2026-03-01,31.810360766885275
Faisalabad,2026-03-01,115.3524941890702
Rawalpindi,2026-03-01,33.06423886878285
Multan,2026-03-01,82.44555327628974
Peshawar,2026-03-01,29.005379246586454
Gujranwala,2026-03-01,47.07158986459193
Quetta,2026-03-01,20.328498669837717
Sialkot,2026-03-01,52.45123998455392
Hyderabad,2026-03-01,22.385935175462723
Bahawalpur,2026-03-01,64.77058100821124
Sargodha,2026-03-01,90.77694332598799
Sukkur,2026-03-01,52.331638334436306
Larkana,2026-03-01,56.65366834173902
Lahore,2026-03-02,58.74655067439244
Karachi,2026-03-02,27.14122518185583
Islamabad,2026-03-02,27.670271171622428
Faisalabad,2026-03-02,102.9567012157993
Rawalpindi,2026-03-02,28.833058540173926
Multan,2026-03-02,84.595093469366
Peshawar,2026-03-02,28.75004628440555
Gujranwala,2026-03-02,42.701337978611335
Quetta,2026-03-02,20.993802987222494
Sialkot,2026-03-02,47.96102171065736
Hyderabad,2026-03-02,22.39432012182542
Bahawalpur,2026-03-02,62.63250600451104
Sargodha,2026-03-02,80.24612265086796
Sukkur,2026-03-02,41.08110470091495
Larkana,2026-03-02,53.82871311582775
Lahore,2026-03-03,58.427584214310386
Karachi,2026-03-03,26.812614000854428
Islamabad,2026-03-03,27.95480737627089
Faisalabad,2026-03-03,86.41344269204428
Rawalpindi,2026-03-03,28.603974128602772
Multan,2026-03-03,70.60562437053022
Peshawar,2026-03-03,26.29445524278869
Gujranwala,2026-03-03,38.16992885242104
Quetta,2026-03-03,23.137452107503435
Sialkot,2026-03-03,41.29356696894943
Hyderabad,2026-03-03,20.05287688430219
Bahawalpur,2026-03-03,46.05543107106716
Sargodha,2026-03-03,79.18400045440663
Sukkur,2026-03-03,36.59226654624279
Larkana,2026-03-03,47.71990491240249
Lahore,2026-03-04,68.57068276152253
Karachi,2026-03-04,24.315380042772006
Islamabad,2026-03-04,34.59052470919296
Faisalabad,2026-03-04,96.77844495023726
Rawalpindi,2026-03-04,34.98035897170395
Multan,2026-03-04,60.15813210808829
Peshawar,2026-03-04,29.781663031987666
Gujranwala,2026-03-04,50.45821257246408
Quetta,2026-03-04,22.158964563639778
Sialkot,2026-03-04,53.63219706692484
Hyderabad,2026-03-04,16.306935128248803
Bahawalpur,2026-03-04,47.253336561749315
Sargodha,2026-03-04,87.55733490566372
Sukkur,2026-03-04,31.284302063348928
Larkana,2026-03-04,48.66267864915678
Lahore,2026-03-05,55.467087773721744
Karachi,2026-03-05,16.792182430882885
Islamabad,2026-03-05,38.29411949919457
Faisalabad,2026-03-05,77.93088868241355
Rawalpindi,2026-03-05,39.067506757184304
Multan,2026-03-05,53.69309999902639
Peshawar,2026-03-05,33.9451772616665
Gujranwala,2026-03-05,47.24052856723258
Quetta,2026-03-05,18.839715749138502
Sialkot,2026-03-05,51.50469870065648
Hyderabad,2026-03-05,11.656430533373902
Bahawalpur,2026-03-05,40.21478032770312
Sargodha,2026-03-05,68.6395050503211
Sukkur,2026-03-05,32.50761274717179
Larkana,2026-03-05,52.33440952364839
Lahore,2026-03-06,62.18118702939596
Karachi,2026-03-06,23.121212457442546
Islamabad,2026-03-06,37.17137694743014
Faisalabad,2026-03-06,79.22033709370716
Rawalpindi,2026-03-06,38.403251492012664
Multan,2026-03-06,58.770450843721314
Peshawar,2026-03-06,34.27032762755762
Gujranwala,2026-03-06,71.76257797857981
Quetta,2026-03-06,18.391575833157766
Sialkot,2026-03-06,78.92054541051127
Hyderabad,2026-03-06,17.953716593744307
Bahawalpur,2026-03-06,43.34630517535496
Sargodha,2026-03-06,90.30588048672998
Sukkur,2026-03-06,33.23730436207107
Larkana,2026-03-06,49.42358944530196
Lahore,2026-03-07,56.27913229841203
Karachi,2026-03-07,29.560943052372362
Islamabad,2026-03-07,30.865419653055067
Faisalabad,2026-03-07,73.10129281388703
Rawalpindi,2026-03-07,31.65269110495444
Multan,2026-03-07,69.79326975048563
Peshawar,2026-03-07,30.781104117435138
Gujranwala,2026-03-07,66.70449492859284
Quetta,2026-03-07,21.397218403237655
Sialkot,2026-03-07,73.98528254546453
Hyderabad,2026-03-07,25.69221068340209
Bahawalpur,2026-03-07,46.48194002606007
Sargodha,2026-03-07,77.14616835191259
Sukkur,2026-03-07,32.665376213179655
Larkana,2026-03-07,52.30428969856377
Lahore,2026-03-08,83.28144577002308
Karachi,2026-03-08,27.491641706712556
Islamabad,2026-03-08,29.18246029519696
Faisalabad,2026-03-08,98.70031301663684
Rawalpindi,2026-03-08,29.515800701766363
Multan,2026-03-08,62.13946822767478
Peshawar,2026-03-08,27.649778355787195
Gujranwala,2026-03-08,59.584940374960475
Quetta,2026-03-08,21.511913660360893
Sialkot,2026-03-08,53.43541692508778
Hyderabad,2026-03-08,20.639255329319685
Bahawalpur,2026-03-08,73.40083077316737
Sargodha,2026-03-08,72.26971237215312
Sukkur,2026-03-08,36.7695866045844
Larkana,2026-03-08,58.05769725118414
Lahore,2026-03-09,83.17425900154024
Karachi,2026-03-09,25.499784805072835
Islamabad,2026-03-09,21.941800277118165
Faisalabad,2026-03-09,100.58611448034054
Rawalpindi,2026-03-09,22.069979793284233
Multan,2026-03-09,60.44888476173068
Peshawar,2026-03-09,26.080155775728052
Gujranwala,2026-03-09,59.81270213031007
Quetta,2026-03-09,24.750257628821164
Sialkot,2026-03-09,66.60349221602496
Hyderabad,2026-03-09,19.469703433197115
Bahawalpur,2026-03-09,69.32964590246165
Sargodha,2026-03-09,59.14258305507114
Sukkur,2026-03-09,36.799372705407194
Larkana,2026-03-09,43.461029710869326
Lahore,2026-03-10,73.8682428349475
Karachi,2026-03-10,22.332003349121102
Islamabad,2026-03-10,29.92182554103417
Faisalabad,2026-03-10,83.17218148389517
Rawalpindi,2026-03-10,29.98570268277133
Multan,2026-03-10,45.97774019208524
Peshawar,2026-03-10,35.69859779635939
Gujranwala,2026-03-10,70.37056476470434
Quetta,2026-03-10,22.12769670177687
Sialkot,2026-03-10,66.42027863012946
Hyderabad,2026-03-10,16.33271996938637
Bahawalpur,2026-03-10,55.988181461896716
Sargodha,2026-03-10,50.64624568542202
Sukkur,2026-03-10,30.790858303553417
Larkana,2026-03-10,40.57545902938777
Lahore,2026-03-11,69.99856320788193
Karachi,2026-03-11,37.746418981918424
Islamabad,2026-03-11,29.47065712904491
Faisalabad,2026-03-11,68.40216570935809
Rawalpindi,2026-03-11,29.575525140046466
Multan,2026-03-11,55.27674568396845
Peshawar,2026-03-11,34.25042007047333
Gujranwala,2026-03-11,56.049584513758695
Quetta,2026-03-11,32.76990473613421
Sialkot,2026-03-11,51.75215116625434
Hyderabad,2026-03-11,29.062776631814046
Bahawalpur,2026-03-11,59.13029627579394
Sargodha,2026-03-11,59.98488004506163
Sukkur,2026-03-11,44.278502705094226
Larkana,2026-03-11,46.10238585996218
Lahore,2026-03-12,51.06958724476087
Karachi,2026-03-12,47.7526101737825
Islamabad,2026-03-12,31.28117421707218
Faisalabad,2026-03-12,55.68905774129445
Rawalpindi,2026-03-12,31.25838616144962
Multan,2026-03-12,45.927402779720296
Peshawar,2026-03-12,27.575298888748986
Gujranwala,2026-03-12,44.45430634617601
Quetta,2026-03-12,29.525160125205794
Sialkot,2026-03-12,45.12638659208878
Hyderabad,2026-03-12,39.718299434990115
Bahawalpur,2026-03-12,47.04115232708177
Sargodha,2026-03-12,50.64945641245289
Sukkur,2026-03-12,45.28205543863351
Larkana,2026-03-12,50.62768701313224
Lahore,2026-03-13,41.88371844980195
Karachi,2026-03-13,50.55148593741548
Islamabad,2026-03-13,26.13193675096334
Faisalabad,2026-03-13,54.169592572223415
Rawalpindi,2026-03-13,26.43967471851117
Multan,2026-03-13,51.15427123645849
Peshawar,2026-03-13,20.928247168594535
Gujranwala,2026-03-13,31.579762125118027
Quetta,2026-03-13,20.70805859355868
Sialkot,2026-03-13,35.830439484630816
Hyderabad,2026-03-13,39.538459300552105
Bahawalpur,2026-03-13,41.964267377098
Sargodha,2026-03-13,52.02923996292557
Sukkur,2026-03-13,43.5855345993843
Larkana,2026-03-13,47.731263247673795
Lahore,2026-03-14,44.87446718868287
Karachi,2026-03-14,29.289295484684455
Islamabad,2026-03-14,29.021000603107684
Faisalabad,2026-03-14,64.46077709216962
Rawalpindi,2026-03-14,29.411474182354176
Multan,2026-03-14,49.533328621647044
Peshawar,2026-03-14,18.781442886102912
Gujranwala,2026-03-14,32.619611081817425
Quetta,2026-03-14,19.87937318207953
Sialkot,2026-03-14,43.4572245878011
Hyderabad,2026-03-14,30.07193082342857
Bahawalpur,2026-03-14,42.36349089080756
Sargodha,2026-03-14,51.074353225343515
Sukkur,2026-03-14,44.67303140978529
Larkana,2026-03-14,46.262816647882616
Lahore,2026-03-15,34.338706784025746
Karachi,2026-03-15,24.227929884546032
Islamabad,2026-03-15,28.36140604432959
Faisalabad,2026-03-15,37.20512950713748
Rawalpindi,2026-03-15,28.605288923747615
Multan,2026-03-15,46.32026026517692
Peshawar,2026-03-15,25.06603324903267
Gujranwala,2026-03-15,31.59743984141365
Quetta,2026-03-15,22.496275065009286
Sialkot,2026-03-15,33.341648718235376
Hyderabad,2026-03-15,24.046558080168467
Bahawalpur,2026-03-15,41.24582155675844
Sargodha,2026-03-15,32.35630928241094
Sukkur,2026-03-15,36.174866500545775
Larkana,2026-03-15,40.38224624416711
Lahore,2026-03-16,36.83095674598638
Karachi,2026-03-16,26.76137394592032
Islamabad,2026-03-16,28.23898562658927
Faisalabad,2026-03-16,40.51923979248457
Rawalpindi,2026-03-16,28.53560413173057
Multan,2026-03-16,39.96073736386336
Peshawar,2026-03-16,28.30165680330528
Gujranwala,2026-03-16,33.70094591025958
Quetta,2026-03-16,16.344601013625397
Sialkot,2026-03-16,36.65412450256144
Hyderabad,2026-03-16,25.340436912100593
Bahawalpur,2026-03-16,39.95080344878813
Sargodha,2026-03-16,37.83500259529751
Sukkur,2026-03-16,35.87543042972024
Larkana,2026-03-16,48.88921632869956
Lahore,2026-03-17,47.64804191090194
Karachi,2026-03-17,22.41948213402076
Islamabad,2026-03-17,29.61820217576465
Faisalabad,2026-03-17,44.16910311004603
Rawalpindi,2026-03-17,29.813452509729416
Multan,2026-03-17,39.27156055257886
Peshawar,2026-03-17,27.49602161511433
Gujranwala,2026-03-17,39.42768483101567
Quetta,2026-03-17,26.6012115323794
Sialkot,2026-03-17,45.65023128439314
Hyderabad,2026-03-17,20.52111547357072
Bahawalpur,2026-03-17,37.36898391335447
Sargodha,2026-03-17,40.086527267603714
Sukkur,2026-03-17,33.38070503590406
Larkana,2026-03-17,40.06971224548621
Lahore,2026-03-18,47.93310798231492
Karachi,2026-03-18,25.54206955342518
Islamabad,2026-03-18,35.424761702187396
Faisalabad,2026-03-18,54.74464259691558
Rawalpindi,2026-03-18,35.699923614868204
Multan,2026-03-18,40.638171675798304
Peshawar,2026-03-18,21.87438578049594
Gujranwala,2026-03-18,38.64185060820091
Quetta,2026-03-18,28.44102639222722
Sialkot,2026-03-18,38.29698784252126
Hyderabad,2026-03-18,29.211833202760346
Bahawalpur,2026-03-18,39.76345683567924
Sargodha,2026-03-18,49.77769225871061
Sukkur,2026-03-18,31.627394626558228
Larkana,2026-03-18,37.73110955580079
Lahore,2026-03-19,51.340828917757705
Karachi,2026-03-19,31.28176246241638
Islamabad,2026-03-19,44.11912645454062
Faisalabad,2026-03-19,61.66069774429582
Rawalpindi,2026-03-19,44.9324595010006
Multan,2026-03-19,49.30986804524642
Peshawar,2026-03-19,22.638565596218758
Gujranwala,2026-03-19,46.461517624523005
Quetta,2026-03-19,22.021363797609315
Sialkot,2026-03-19,49.544528275468295
Hyderabad,2026-03-19,34.73465084467863
Bahawalpur,2026-03-19,50.598740377716894
Sargodha,2026-03-19,54.35798414237362
Sukkur,2026-03-19,44.81825629205254
Larkana,2026-03-19,48.43229900311369
Lahore,2026-03-20,48.03660846115764
Karachi,2026-03-20,33.08530390681105
Islamabad,2026-03-20,31.68118336044656
Faisalabad,2026-03-20,59.485813471619274
Rawalpindi,2026-03-20,32.18502602059855
Multan,2026-03-20,48.511991259180824
Peshawar,2026-03-20,24.188843901947383
Gujranwala,2026-03-20,34.70701798228812
Quetta,2026-03-20,17.254334114736906
Sialkot,2026-03-20,38.148485181026025
Hyderabad,2026-03-20,33.46363602702774
Bahawalpur,2026-03-20,47.53683625122679
Sargodha,2026-03-20,48.85730962820244
Sukkur,2026-03-20,37.86343527404378
Larkana,2026-03-20,44.737429793337604
Lahore,2026-03-21,59.37119711342947
Karachi,2026-03-21,22.90925808885629
Islamabad,2026-03-21,32.16483141796495
Faisalabad,2026-03-21,69.11875543708517
Rawalpindi,2026-03-21,33.07161049590109
Multan,2026-03-21,56.12407528855586
Peshawar,2026-03-21,32.98047553575619
Gujranwala,2026-03-21,42.48861405704187
Quetta,2026-03-21,21.203044347093343
Sialkot,2026-03-21,44.97159290782691
Hyderabad,2026-03-21,22.88304444209804
Bahawalpur,2026-03-21,42.64823266738792
Sargodha,2026-03-21,49.37586793750547
Sukkur,2026-03-21,33.3385878274615
Larkana,2026-03-21,39.10911086111688
Lahore,2026-03-22,60.558031766776494
Karachi,2026-03-22,23.06442665061654
Islamabad,2026-03-22,34.74630704689112
Faisalabad,2026-03-22,73.71796957482522
Rawalpindi,2026-03-22,35.103460052853336
Multan,2026-03-22,62.41758688980601
Peshawar,2026-03-22,26.01784903448016
Gujranwala,2026-03-22,42.33813732451815
Quetta,2026-03-22,22.079154565948684
Sialkot,2026-03-22,46.07926470675136
Hyderabad,2026-03-22,23.90838040220945
Bahawalpur,2026-03-22,54.533397949570244
Sargodha,2026-03-22,51.48621774314301
Sukkur,2026-03-22,45.54268119363267
Larkana,2026-03-22,48.67393224456197
Lahore,2026-03-23,54.90980773963676
Karachi,2026-03-23,17.341299430616832
Islamabad,2026-03-23,36.721425907425555
Faisalabad,2026-03-23,60.14290440029632
Rawalpindi,2026-03-23,37.164419455991776
Multan,2026-03-23,61.852446592516095
Peshawar,2026-03-23,22.097583163294132
Gujranwala,2026-03-23,47.11129004976022
Quetta,2026-03-23,20.02596360004473
Sialkot,2026-03-23,51.75841417603082
Hyderabad,2026-03-23,19.2971420793629
Bahawalpur,2026-03-23,50.17680249987852
Sargodha,2026-03-23,50.80339801645647
Sukkur,2026-03-23,45.94580288305458
Larkana,2026-03-23,47.886438284612005
Lahore,2026-03-24,59.69818037820549
Karachi,2026-03-24,17.428532036371045
Islamabad,2026-03-24,29.25006842176299
Faisalabad,2026-03-24,57.386474239251584
Rawalpindi,2026-03-24,30.056293543659095
Multan,2026-03-24,51.80321598691121
Peshawar,2026-03-24,26.33094318878667
Gujranwala,2026-03-24,46.19622240684491
Quetta,2026-03-24,17.092322408004673
Sialkot,2026-03-24,50.600550078411494
Hyderabad,2026-03-24,16.66901028892145
Bahawalpur,2026-03-24,39.174441906509365
Sargodha,2026-03-24,58.38911532431856
Sukkur,2026-03-24,34.59141854765056
Larkana,2026-03-24,44.619162024670516
Lahore,2026-03-25,56.6865655802066
Karachi,2026-03-25,19.890467110979145
Islamabad,2026-03-25,31.095690161110717
Faisalabad,2026-03-25,46.424826649627
Rawalpindi,2026-03-25,31.16827899788894
Multan,2026-03-25,43.89623018039759
Peshawar,2026-03-25,28.119796424697086
Gujranwala,2026-03-25,49.56495337059215
Quetta,2026-03-25,21.784596012155127
Sialkot,2026-03-25,55.91723352589205
Hyderabad,2026-03-25,16.106489333700925
Bahawalpur,2026-03-25,34.4067579825466
Sargodha,2026-03-25,49.20088959230196
Sukkur,2026-03-25,30.153210540054243
Larkana,2026-03-25,31.959196936180774
Lahore,2026-03-26,38.00098979648936
Karachi,2026-03-26,18.622257889579544
Islamabad,2026-03-26,40.13308654883385
Faisalabad,2026-03-26,40.64224334854317
Rawalpindi,2026-03-26,40.130838708152446
Multan,2026-03-26,33.60032413338415
Peshawar,2026-03-26,21.53274864709805
Gujranwala,2026-03-26,32.63410448539616
Quetta,2026-03-26,26.959546258255834
Sialkot,2026-03-26,36.856963593218055
Hyderabad,2026-03-26,14.664536894141998
Bahawalpur,2026-03-26,36.51522316176104
Sargodha,2026-03-26,39.99691551558677
Sukkur,2026-03-26,35.25071216243615
Larkana,2026-03-26,36.554260617419146
Lahore,2026-03-27,43.190111908550016
Karachi,2026-03-27,11.305214862546475
Islamabad,2026-03-27,35.36123139807175
Faisalabad,2026-03-27,43.98125269106529
Rawalpindi,2026-03-27,35.94651999403901
Multan,2026-03-27,34.43923393400441
Peshawar,2026-03-27,14.914983618533977
Gujranwala,2026-03-27,35.073611169012935
Quetta,2026-03-27,26.584846324340113
Sialkot,2026-03-27,45.789550888427414
Hyderabad,2026-03-27,12.618584337056285
Bahawalpur,2026-03-27,32.63737113748959
Sargodha,2026-03-27,41.345983077901934
Sukkur,2026-03-27,28.130882260781007
Larkana,2026-03-27,30.646442252425935
Lahore,2026-03-28,39.99859962333083
Karachi,2026-03-28,9.488317926225749
Islamabad,2026-03-28,33.87378548059812
Faisalabad,2026-03-28,35.73682874411168
Rawalpindi,2026-03-28,34.21061987571189
Multan,2026-03-28,41.14990280163307
Peshawar,2026-03-28,21.176485320850702
Gujranwala,2026-03-28,36.72678353130164
Quetta,2026-03-28,31.407004016649623
Sialkot,2026-03-28,42.061523789994986
Hyderabad,2026-03-28,7.43583256522863
Bahawalpur,2026-03-28,31.173571502966222
Sargodha,2026-03-28,38.68193736452746
Sukkur,2026-03-28,22.48195054703632
Larkana,2026-03-28,23.588660443900864
Lahore,2026-03-29,32.91621404314278
Karachi,2026-03-29,20.22233687341941
Islamabad,2026-03-29,32.848997657532685
Faisalabad,2026-03-29,37.08392048141518
Rawalpindi,2026-03-29,33.331111301432244
Multan,2026-03-29,30.574228788974516
Peshawar,2026-03-29,20.076790722504494
Gujranwala,2026-03-29,30.005753367969074
Quetta,2026-03-29,30.184438550161858
Sialkot,2026-03-29,34.6613290124817
Hyderabad,2026-03-29,17.4398496770683
Bahawalpur,2026-03-29,33.39157817627024
Sargodha,2026-03-29,33.003406715977725
Sukkur,2026-03-29,25.786984803142786
Larkana,2026-03-29,29.79716847573959
Lahore,2026-03-30,39.10303502079726
Karachi,2026-03-30,23.26182976156807
Islamabad,2026-03-30,25.90536564238508
Faisalabad,2026-03-30,38.71146029373799
Rawalpindi,2026-03-30,26.212145761118176
Multan,2026-03-30,33.77812037449215
Peshawar,2026-03-30,15.018093072842
Gujranwala,2026-03-30,27.75409110649494
Quetta,2026-03-30,26.078296365273584
Sialkot,2026-03-30,25.434991906169483
Hyderabad,2026-03-30,18.538942108115698
Bahawalpur,2026-03-30,31.591482647519886
Sargodha,2026-03-30,35.0128278430951
Sukkur,2026-03-30,35.18642121818642
Larkana,2026-03-30,42.69821950035727
Lahore,2026-03-31,43.41703700075243
Karachi,2026-03-31,23.12516305797302
Islamabad,2026-03-31,31.26248114969233
Faisalabad,2026-03-31,50.36799039386936
Rawalpindi,2026-03-31,31.57057993555
Multan,2026-03-31,31.51273264058807
Peshawar,2026-03-31,21.153166814465624
Gujranwala,2026-03-31,36.94647713567302
Quetta,2026-03-31,25.36983668354926
Sialkot,2026-03-31,42.037347699170525
Hyderabad,2026-03-31,19.267143006757625
Bahawalpur,2026-03-31,32.82145185771509
Sargodha,2026-03-31,48.06889063429364
Sukkur,2026-03-31,26.560828160284657
Larkana,2026-03-31,36.90240162375842
Lahore,2026-04-01,50.56158143640117
Karachi,2026-04-01,22.040363585500263
Islamabad,2026-04-01,31.163357843540904
Faisalabad,2026-04-01,54.90404356797066
Rawalpindi,2026-04-01,32.08992381624231
Multan,2026-04-01,33.488503856380184
Peshawar,2026-04-01,19.533971632827257
Gujranwala,2026-04-01,47.24803230013332
Quetta,2026-04-01,22.177494599383145
Sialkot,2026-04-01,51.25612598269185
Hyderabad,2026-04-01,19.710445582417456
Bahawalpur,2026-04-01,36.22971166299515
Sargodha,2026-04-01,49.43056527438369
Sukkur,2026-04-01,30.020200429753736
Larkana,2026-04-01,34.16429556383042
Lahore,2026-04-02,38.21278552084775
Karachi,2026-04-02,22.09199290170716
Islamabad,2026-04-02,30.6336083139129
Faisalabad,2026-04-02,40.953286300621656
Rawalpindi,2026-04-02,31.146270488961395
Multan,2026-04-02,32.53573950764864
Peshawar,2026-04-02,19.36780217685434
Gujranwala,2026-04-02,36.115336483718515
Quetta,2026-04-02,12.256563672032181
Sialkot,2026-04-02,39.445116718662064
Hyderabad,2026-04-02,26.354940823339117
Bahawalpur,2026-04-02,36.269203449801886
Sargodha,2026-04-02,38.077009898383714
Sukkur,2026-04-02,33.776501517039414
Larkana,2026-04-02,32.88135169240598
Lahore,2026-04-03,28.642610319627593
Karachi,2026-04-03,13.154382335537425
Islamabad,2026-04-03,21.412328647830066
Faisalabad,2026-04-03,29.71505475867476
Rawalpindi,2026-04-03,21.83567838587681
Multan,2026-04-03,30.484024472611313
Peshawar,2026-04-03,16.742162330570427
Gujranwala,2026-04-03,25.218922324345677
Quetta,2026-04-03,6.146915344545349
Sialkot,2026-04-03,26.124393598244982
Hyderabad,2026-04-03,10.406875036219903
Bahawalpur,2026-04-03,27.00683930979659
Sargodha,2026-04-03,29.273300258648078
Sukkur,2026-04-03,19.798124697178917
Larkana,2026-04-03,20.918796415774047
Lahore,2026-04-04,35.59980195913123
Karachi,2026-04-04,17.19834348866091
Islamabad,2026-04-04,22.36089679486609
Faisalabad,2026-04-04,39.64918554161684
Rawalpindi,2026-04-04,22.710698285551715
Multan,2026-04-04,29.586515750560828
Peshawar,2026-04-04,16.764324795026653
Gujranwala,2026-04-04,27.21456973592032
Quetta,2026-04-04,7.442181461130829
Sialkot,2026-04-04,28.10313929258295
Hyderabad,2026-04-04,15.353416295239185
Bahawalpur,2026-04-04,28.154699077458954
Sargodha,2026-04-04,34.940835357048414
Sukkur,2026-04-04,25.326589454945573
Larkana,2026-04-04,26.650836750511516
Lahore,2026-04-05,43.64131067540777
Karachi,2026-04-05,19.23135641333464
Islamabad,2026-04-05,27.57885418791149
Faisalabad,2026-04-05,56.230036968521254
Rawalpindi,2026-04-05,28.65812247827242
Multan,2026-04-05,40.86858918249735
Peshawar,2026-04-05,18.08879523205557
Gujranwala,2026-04-05,35.366548692526635
Quetta,2026-04-05,10.481270747871365
Sialkot,2026-04-05,38.434849450589695
Hyderabad,2026-04-05,14.15500638558955
Bahawalpur,2026-04-05,37.752376632245905
Sargodha,2026-04-05,42.6918512849065
Sukkur,2026-04-05,29.337918242270796
Larkana,2026-04-05,29.27796048415432
Lahore,2026-04-06,44.41057144824811
Karachi,2026-04-06,21.82970910019195
Islamabad,2026-04-06,21.712972664658047
Faisalabad,2026-04-06,50.73748559753382
Rawalpindi,2026-04-06,22.73134185830396
Multan,2026-04-06,43.880974541094695
Peshawar,2026-04-06,22.083705523516052
Gujranwala,2026-04-06,37.176847138939785
Quetta,2026-04-06,20.801330803437693
Sialkot,2026-04-06,41.807848054709936
Hyderabad,2026-04-06,20.753637548196146
Bahawalpur,2026-04-06,28.095718603985727
Sargodha,2026-04-06,43.88572094900412
Sukkur,2026-04-06,30.560245315653756
Larkana,2026-04-06,30.86121378427954
Lahore,2026-04-07,36.48445390057664
Karachi,2026-04-07,27.638535391962307
Islamabad,2026-04-07,21.431741382965456
Faisalabad,2026-04-07,34.48206848260655
Rawalpindi,2026-04-07,22.010797308041198
Multan,2026-04-07,30.98622103099063
Peshawar,2026-04-07,15.995354825844764
Gujranwala,2026-04-07,34.502348000842176
Quetta,2026-04-07,27.308637251915822
Sialkot,2026-04-07,31.839453693030123
Hyderabad,2026-04-07,27.27256845397554
Bahawalpur,2026-04-07,31.276740767067086
Sargodha,2026-04-07,35.18597887886474
Sukkur,2026-04-07,34.35226983501818
Larkana,2026-04-07,39.761159404716274
Lahore,2026-04-08,32.78182390310078
Karachi,2026-04-08,29.850104764041532
Islamabad,2026-04-08,18.8616593657734
Faisalabad,2026-04-08,34.91336341399941
Rawalpindi,2026-04-08,19.29277616095332
Multan,2026-04-08,38.2123557071716
Peshawar,2026-04-08,11.472103568962075
Gujranwala,2026-04-08,26.264309915330593
Quetta,2026-04-08,14.424732795199471
Sialkot,2026-04-08,26.107030299638797
Hyderabad,2026-04-08,29.120184131538245
Bahawalpur,2026-04-08,33.64929750160288
Sargodha,2026-04-08,31.885432884708393
Sukkur,2026-04-08,35.38627498397471
Larkana,2026-04-08,38.199490445429646
Lahore,2026-04-09,44.09315703820251
Karachi,2026-04-09,34.74267431866288
Islamabad,2026-04-09,32.303528077470425
Faisalabad,2026-04-09,49.5393383750717
Rawalpindi,2026-04-09,32.672062762067405
Multan,2026-04-09,41.3229204675971
Peshawar,2026-04-09,19.9994988459018
Gujranwala,2026-04-09,33.450599832092294
Quetta,2026-04-09,15.726823736015614
Sialkot,2026-04-09,36.29573545550855
Hyderabad,2026-04-09,30.577440548275035
Bahawalpur,2026-04-09,35.15632601271826
Sargodha,2026-04-09,40.25121385675583
Sukkur,2026-04-09,25.869692197664868
Larkana,2026-04-09,39.26757706356035
Lahore,2026-04-10,29.335309763491438
Karachi,2026-04-10,28.55592518856954
Islamabad,2026-04-10,23.639087928253808
Faisalabad,2026-04-10,41.897550591312005
Rawalpindi,2026-04-10,24.26577236066419
Multan,2026-04-10,44.628353596599155
Peshawar,2026-04-10,17.573193681711768
Gujranwala,2026-04-10,22.871890229102178
Quetta,2026-04-10,31.73945581454126
Sialkot,2026-04-10,24.14721201754406
Hyderabad,2026-04-10,25.012341026742117
Bahawalpur,2026-04-10,36.09550285048937
Sargodha,2026-04-10,29.03279941243944
Sukkur,2026-04-10,34.20960833785
Larkana,2026-04-10,35.70442266002248
Lahore,2026-04-11,39.77941965950373
Karachi,2026-04-11,43.23541405235268
Islamabad,2026-04-11,31.88230262921896
Faisalabad,2026-04-11,50.90518994367043
Rawalpindi,2026-04-11,32.29012491937007
Multan,2026-04-11,45.96405016838164
Peshawar,2026-04-11,21.601586597252975
Gujranwala,2026-04-11,33.02189507730478
Quetta,2026-04-11,34.47298440576184
Sialkot,2026-04-11,37.605444500756306
Hyderabad,2026-04-11,38.72715718481838
Bahawalpur,2026-04-11,39.70162337900879
Sargodha,2026-04-11,46.1115806658693
Sukkur,2026-04-11,46.860807686543595
Larkana,2026-04-11,49.37372981409738
Lahore,2026-04-12,35.913753323562084
Karachi,2026-04-12,44.54533989536239
Islamabad,2026-04-12,27.637125753446515
Faisalabad,2026-04-12,61.014513509969845
Rawalpindi,2026-04-12,28.41333098960571
Multan,2026-04-12,49.06715306708571
Peshawar,2026-04-12,21.06692466400754
Gujranwala,2026-04-12,32.873606229437115
Quetta,2026-04-12,14.839850605057864
Sialkot,2026-04-12,40.14707708853243
Hyderabad,2026-04-12,39.30949325880746
Bahawalpur,2026-04-12,43.203858722953754
Sargodha,2026-04-12,46.89650019125686
Sukkur,2026-04-12,43.34753858514096
Larkana,2026-04-12,50.72616608512416
Lahore,2026-04-13,30.776605621082886
Karachi,2026-04-13,32.542682215641605
Islamabad,2026-04-13,22.414636225475597
Faisalabad,2026-04-13,49.70804636282258
Rawalpindi,2026-04-13,23.35303126973937
Multan,2026-04-13,38.23593933748679
Peshawar,2026-04-13,17.543290512881757
Gujranwala,2026-04-13,28.51355983787708
Quetta,2026-04-13,13.042641296480944
Sialkot,2026-04-13,32.68410843839016
Hyderabad,2026-04-13,26.03183794346805
Bahawalpur,2026-04-13,27.531587789878632
Sargodha,2026-04-13,41.83616569604448
Sukkur,2026-04-13,36.31139664270323
Larkana,2026-04-13,40.93328698218101
Lahore,2026-04-14,32.14680833780338
Karachi,2026-04-14,30.519763485678745
Islamabad,2026-04-14,24.06583214866652
Faisalabad,2026-04-14,45.10636554864679
Rawalpindi,2026-04-14,24.823869630276434
Multan,2026-04-14,35.6750511543606
Peshawar,2026-04-14,17.869522039859476
Gujranwala,2026-04-14,32.68103821186662
Quetta,2026-04-14,24.04994897484232
Sialkot,2026-04-14,40.991361259131814
Hyderabad,2026-04-14,31.28787670262477
Bahawalpur,2026-04-14,28.200499713193494
Sargodha,2026-04-14,42.29547378997722
Sukkur,2026-04-14,31.01555473414016
Larkana,2026-04-14,33.96080303417387
Lahore,2026-04-15,31.741129732185243
Karachi,2026-04-15,25.910148513898548
Islamabad,2026-04-15,24.806189906247333
Faisalabad,2026-04-15,57.65982699848303
Rawalpindi,2026-04-15,25.66535731653082
Multan,2026-04-15,42.07586627494432
Peshawar,2026-04-15,16.903204062372154
Gujranwala,2026-04-15,33.58903783904403
Quetta,2026-04-15,15.24285433506207
Sialkot,2026-04-15,40.05467685357642
Hyderabad,2026-04-15,27.107933583815242
Bahawalpur,2026-04-15,35.37169872680033
Sargodha,2026-04-15,42.21654872216642
Sukkur,2026-04-15,37.38136914268451
Larkana,2026-04-15,40.82951800100562
Lahore,2026-04-16,29.078595106362148
Karachi,2026-04-16,22.114679643081562
Islamabad,2026-04-16,22.36779558990985
Faisalabad,2026-04-16,45.23378813395049
Rawalpindi,2026-04-16,23.064215142796012
Multan,2026-04-16,48.14712847246074
Peshawar,2026-04-16,18.819337939864525
Gujranwala,2026-04-16,26.806105053552802
Quetta,2026-04-16,19.48293474444638
Sialkot,2026-04-16,27.85620143598947
Hyderabad,2026-04-16,16.02239485792569
Bahawalpur,2026-04-16,34.33391043212952
Sargodha,2026-04-16,35.74259107869079
Sukkur,2026-04-16,36.79702662534148
Larkana,2026-04-16,41.71528851197096
Lahore,2026-04-17,21.97208250101003
Karachi,2026-04-17,22.155436775793085
Islamabad,2026-04-17,19.707864979422087
Faisalabad,2026-04-17,26.68564541990621
Rawalpindi,2026-04-17,19.901047599773367
Multan,2026-04-17,30.704625010946067
Peshawar,2026-04-17,22.840599693078428
Gujranwala,2026-04-17,22.931371059025484
Quetta,2026-04-17,21.455234891402988
Sialkot,2026-04-17,27.520346104243252
Hyderabad,2026-04-17,17.98324151250872
Bahawalpur,2026-04-17,30.474969072875744
Sargodha,2026-04-17,28.11283970668442
Sukkur,2026-04-17,33.571390843264524
Larkana,2026-04-17,43.34775930660015
Lahore,2026-04-18,26.129238381703832
Karachi,2026-04-18,26.80806936268436
Islamabad,2026-04-18,24.419262311626365
Faisalabad,2026-04-18,29.16383230637638
Rawalpindi,2026-04-18,24.215633211062645
Multan,2026-04-18,28.353199560977256
Peshawar,2026-04-18,25.773789162168256
Gujranwala,2026-04-18,24.123932532753
Quetta,2026-04-18,27.2354726664146
Sialkot,2026-04-18,27.101430024443662
Hyderabad,2026-04-18,19.783050511267966
Bahawalpur,2026-04-18,29.281922477823425
Sargodha,2026-04-18,29.657899604371178
Sukkur,2026-04-18,33.496795260849424
Larkana,2026-04-18,43.11981007524411
Lahore,2026-04-19,31.08655593151471
Karachi,2026-04-19,25.888849525684396
Islamabad,2026-04-19,24.94666689544008
Faisalabad,2026-04-19,40.652366259599575
Rawalpindi,2026-04-19,25.067043529594027
Multan,2026-04-19,40.516922241787576
Peshawar,2026-04-19,23.27271454808747
Gujranwala,2026-04-19,25.315276244357495
Quetta,2026-04-19,20.75700769886414
Sialkot,2026-04-19,26.29439153727454
Hyderabad,2026-04-19,23.073202941373626
Bahawalpur,2026-04-19,37.988527465279425
Sargodha,2026-04-19,40.504435907870665
Sukkur,2026-04-19,36.88385798160596
Larkana,2026-04-19,48.910721589065126
Lahore,2026-04-20,26.239350506250407
Karachi,2026-04-20,25.97909367971432
Islamabad,2026-04-20,23.264940366082392
Faisalabad,2026-04-20,45.72436501221616
Rawalpindi,2026-04-20,23.43137083053481
Multan,2026-04-20,43.73175978594395
Peshawar,2026-04-20,21.798497910433902
Gujranwala,2026-04-20,21.815154189366496
Quetta,2026-04-20,16.553434240198964
Sialkot,2026-04-20,24.803494597447056
Hyderabad,2026-04-20,22.93017562576957
Bahawalpur,2026-04-20,49.067375818457826
Sargodha,2026-04-20,42.70829543009733
Sukkur,2026-04-20,40.886614015804334
Larkana,2026-04-20,54.0795532636652
Lahore,2026-04-21,30.279358067409156
Karachi,2026-04-21,23.771156615764585
Islamabad,2026-04-21,24.181171130922728
Faisalabad,2026-04-21,52.29666108710683
Rawalpindi,2026-04-21,24.60645680863698
Multan,2026-04-21,38.632519907564266
Peshawar,2026-04-21,18.00793166066109
Gujranwala,2026-04-21,23.302123299528
Quetta,2026-04-21,21.81128565115975
Sialkot,2026-04-21,35.15075293176955
Hyderabad,2026-04-21,19.74606094492848
Bahawalpur,2026-04-21,40.628643536247054
Sargodha,2026-04-21,47.15472822850063
Sukkur,2026-04-21,33.766408839116906
Larkana,2026-04-21,40.089385201920344
Lahore,2026-04-22,40.55255158455578
Karachi,2026-04-22,18.91045239203001
Islamabad,2026-04-22,20.92379092119026
Faisalabad,2026-04-22,54.52627518729094
Rawalpindi,2026-04-22,21.230843466099955
Multan,2026-04-22,40.62798545621747
Peshawar,2026-04-22,18.784409994143655
Gujranwala,2026-04-22,33.48601266417932
Quetta,2026-04-22,25.63086331680756
Sialkot,2026-04-22,41.56350671305658
Hyderabad,2026-04-22,17.340198906386682
Bahawalpur,2026-04-22,29.5336857841194
Sargodha,2026-04-22,52.392669226816764
Sukkur,2026-04-22,26.996283816086052
Larkana,2026-04-22,38.33504681074686
Lahore,2026-04-23,45.34407742352235
Karachi,2026-04-23,18.674984302558837
Islamabad,2026-04-23,27.788461766784796
Faisalabad,2026-04-23,52.17016466693062
Rawalpindi,2026-04-23,28.018026419948733
Multan,2026-04-23,43.93353713114996
Peshawar,2026-04-23,22.750403005922237
Gujranwala,2026-04-23,36.63837576516965
Quetta,2026-04-23,28.2676985573838
Sialkot,2026-04-23,39.89344307405315
Hyderabad,2026-04-23,20.49353917656061
Bahawalpur,2026-04-23,41.5569488349357
Sargodha,2026-04-23,46.309612433491694
Sukkur,2026-04-23,33.961243532235436
Larkana,2026-04-23,47.52192511878322
Lahore,2026-04-24,37.893005610793544
Karachi,2026-04-24,20.450656382018035
Islamabad,2026-04-24,26.395247547827264
Faisalabad,2026-04-24,51.459762809932165
Rawalpindi,2026-04-24,26.39528121749772
Multan,2026-04-24,48.15390840433328
Peshawar,2026-04-24,21.29600361241065
Gujranwala,2026-04-24,32.06814530249571
Quetta,2026-04-24,32.94659748086094
Sialkot,2026-04-24,33.35860822578002
Hyderabad,2026-04-24,21.577420680671633
Bahawalpur,2026-04-24,46.55644610975744
Sargodha,2026-04-24,43.03810437758112
Sukkur,2026-04-24,37.311744938544045
Larkana,2026-04-24,44.13734006211827
Lahore,2026-04-25,41.93376422169702
Karachi,2026-04-25,24.942470516337455
Islamabad,2026-04-25,26.150822925284423
Faisalabad,2026-04-25,52.86745291116929
Rawalpindi,2026-04-25,26.227528130632646
Multan,2026-04-25,50.38493598026985
Peshawar,2026-04-25,18.13435170176329
Gujranwala,2026-04-25,32.55070505697009
Quetta,2026-04-25,30.356096487068882
Sialkot,2026-04-25,34.27247817304825
Hyderabad,2026-04-25,25.20509338228988
Bahawalpur,2026-04-25,46.33373291331844
Sargodha,2026-04-25,43.41071607026874
Sukkur,2026-04-25,36.9758314507613
Larkana,2026-04-25,46.6748754386409
Lahore,2026-04-26,28.712734435068857
Karachi,2026-04-26,24.47587179086843
Islamabad,2026-04-26,19.20866244856504
Faisalabad,2026-04-26,51.129388586227485
Rawalpindi,2026-04-26,19.678569392114788
Multan,2026-04-26,47.05170477850536
Peshawar,2026-04-26,13.708927796655482
Gujranwala,2026-04-26,20.371803737648605
Quetta,2026-04-26,22.309191857845754
Sialkot,2026-04-26,25.550321433808325
Hyderabad,2026-04-26,22.141476299785257
Bahawalpur,2026-04-26,49.30361064315834
Sargodha,2026-04-26,39.791306811734934
Sukkur,2026-04-26,45.20456375005132
Larkana,2026-04-26,51.418714782412984
Lahore,2026-04-27,30.89026148642884
Karachi,2026-04-27,23.027725692104948
Islamabad,2026-04-27,18.491199608849882
Faisalabad,2026-04-27,46.128003297405066
Rawalpindi,2026-04-27,18.595973888675456
Multan,2026-04-27,50.63463258247875
Peshawar,2026-04-27,12.689911329151943
Gujranwala,2026-04-27,23.982176213992357
Quetta,2026-04-27,24.921054338929494
Sialkot,2026-04-27,31.893068457575545
Hyderabad,2026-04-27,19.999321985653907
Bahawalpur,2026-04-27,42.30232897813458
Sargodha,2026-04-27,36.66814667287082
Sukkur,2026-04-27,37.69217138208668
Larkana,2026-04-27,40.043235630498096
Lahore,2026-04-28,34.870221870480435
Karachi,2026-04-28,25.899290233811513
Islamabad,2026-04-28,19.33106825742878
Faisalabad,2026-04-28,40.11128700981842
Rawalpindi,2026-04-28,19.520159345130224
Multan,2026-04-28,42.12427422922118
Peshawar,2026-04-28,14.108913585590225
Gujranwala,2026-04-28,27.02401860935187
Quetta,2026-04-28,32.12085702400678
Sialkot,2026-04-28,29.647349197072828
Hyderabad,2026-04-28,21.247667904725983
Bahawalpur,2026-04-28,37.77182702585012
Sargodha,2026-04-28,28.276436022665663
Sukkur,2026-04-28,38.79739536128644
Larkana,2026-04-28,47.11958805196049
Lahore,2026-04-29,33.48887693271101
Karachi,2026-04-29,30.586515021601407
Islamabad,2026-04-29,20.373301607306207
Faisalabad,2026-04-29,35.316500629916774
Rawalpindi,2026-04-29,20.60799030956053
Multan,2026-04-29,38.20668140209994
Peshawar,2026-04-29,15.520959458411218
Gujranwala,2026-04-29,25.56527293630433
Quetta,2026-04-29,27.98303847643622
Sialkot,2026-04-29,26.7797077335511
Hyderabad,2026-04-29,28.553689616182645
Bahawalpur,2026-04-29,38.135159176618636
Sargodha,2026-04-29,28.899641881853547
Sukkur,2026-04-29,39.09828077423321
Larkana,2026-04-29,49.0092129977738
Lahore,2026-04-30,36.68652253780307
Karachi,2026-04-30,25.543635523001413
Islamabad,2026-04-30,20.133806279172614
Faisalabad,2026-04-30,35.183075188281414
Rawalpindi,2026-04-30,20.502744547875007
Multan,2026-04-30,37.570793288634555
Peshawar,2026-04-30,21.310453586960893
Gujranwala,2026-04-30,25.685996402310835
Quetta,2026-04-30,21.758022387628227
Sialkot,2026-04-30,26.07049528470407
Hyderabad,2026-04-30,22.92059381520289
Bahawalpur,2026-04-30,34.452209876444115
Sargodha,2026-04-30,31.224291703020874
Sukkur,2026-04-30,32.635207189558166
Larkana,2026-04-30,44.70635723800356
Lahore,2026-05-01,40.3489701593338
Karachi,2026-05-01,26.01643235887143
Islamabad,2026-05-01,20.08094742771351
Faisalabad,2026-05-01,40.09696397133666
Rawalpindi,2026-05-01,20.503758437127676
Multan,2026-05-01,42.527039882636025
Peshawar,2026-05-01,19.977986542851767
Gujranwala,2026-05-01,33.067442473111434
Quetta,2026-05-01,26.46285164944167
Sialkot,2026-05-01,37.036880418019344
Hyderabad,2026-05-01,28.010271043652903
Bahawalpur,2026-05-01,39.94812643847506
Sargodha,2026-05-01,34.504009116152055
Sukkur,2026-05-01,31.512760636941845
Larkana,2026-05-01,44.55912303763673
Lahore,2026-05-02,34.28334639538779
Karachi,2026-05-02,29.06375360037025
Islamabad,2026-05-02,19.775347802808565
Faisalabad,2026-05-02,37.207349816543896
Rawalpindi,2026-05-02,19.938178592731564
Multan,2026-05-02,39.63661668339403
Peshawar,2026-05-02,15.551349885623011
Gujranwala,2026-05-02,26.79377486643993
Quetta,2026-05-02,36.61104412736709
Sialkot,2026-05-02,29.423581510293612
Hyderabad,2026-05-02,29.16413476079839
Bahawalpur,2026-05-02,41.73074088823619
Sargodha,2026-05-02,29.378343966473196
Sukkur,2026-05-02,39.53197684247537
Larkana,2026-05-02,46.916948173586846
Lahore,2026-05-03,37.02978260584614
Karachi,2026-05-03,30.248278087414022
Islamabad,2026-05-03,21.223615639493417
Faisalabad,2026-05-03,33.608897408699846
Rawalpindi,2026-05-03,21.379294749112315
Multan,2026-05-03,35.525573817026654
Peshawar,2026-05-03,14.831132089110353
Gujranwala,2026-05-03,26.108660246331567
Quetta,2026-05-03,27.08607762601473
Sialkot,2026-05-03,25.991575193003396
Hyderabad,2026-05-03,32.44116096883337
Bahawalpur,2026-05-03,39.32506664902064
Sargodha,2026-05-03,27.381147643620615
Sukkur,2026-05-03,37.84797856438528
Larkana,2026-05-03,43.84818593436144
Lahore,2026-05-04,47.309654101201154
Karachi,2026-05-04,51.39567127443457
Islamabad,2026-05-04,27.695925707748135
Faisalabad,2026-05-04,50.906329544904324
Rawalpindi,2026-05-04,28.190425157624624
Multan,2026-05-04,56.87434547235374
Peshawar,2026-05-04,15.201748763497372
Gujranwala,2026-05-04,41.372303967265275
Quetta,2026-05-04,20.952385696169774
Sialkot,2026-05-04,43.38640452608836
Hyderabad,2026-05-04,47.23947438752291
Bahawalpur,2026-05-04,69.27226344446788
Sargodha,2026-05-04,44.810318995752475
Sukkur,2026-05-04,43.98765052499573
Larkana,2026-05-04,49.795649862435816
Lahore,2026-05-05,45.9535023974454
Karachi,2026-05-05,36.98974438714177
Islamabad,2026-05-05,25.525268397788743
Faisalabad,2026-05-05,62.31906642011171
Rawalpindi,2026-05-05,26.20012207188438
Multan,2026-05-05,60.900154308623186
Peshawar,2026-05-05,25.783317347816133
Gujranwala,2026-05-05,37.64381814186851
Quetta,2026-05-05,23.06872792407125
Sialkot,2026-05-05,38.56730481879722
Hyderabad,2026-05-05,51.916247676451384
Bahawalpur,2026-05-05,63.19433370303051
Sargodha,2026-05-05,48.77764008468549
Sukkur,2026-05-05,52.77389956305881
Larkana,2026-05-05,66.35672486920882
Lahore,2026-05-06,41.31801317041022
Karachi,2026-05-06,26.582527316106805
Islamabad,2026-05-06,23.261554209812303
Faisalabad,2026-05-06,60.155384263592936
Rawalpindi,2026-05-06,24.251396782438718
Multan,2026-05-06,56.80977706791895
Peshawar,2026-05-06,22.78954083593613
Gujranwala,2026-05-06,29.689310133068396
Quetta,2026-05-06,19.904637141586324
Sialkot,2026-05-06,29.379450974293285
Hyderabad,2026-05-06,31.943837705406978
Bahawalpur,2026-05-06,49.43987765301082
Sargodha,2026-05-06,45.99028367252709
Sukkur,2026-05-06,38.90357680840209
Larkana,2026-05-06,50.104095404733904
Lahore,2026-05-07,53.239456133318
Karachi,2026-05-07,18.553594617929896
Islamabad,2026-05-07,25.4051779705597
Faisalabad,2026-05-07,57.306152985330094
Rawalpindi,2026-05-07,25.98312991841376
Multan,2026-05-07,42.093388386259775
Peshawar,2026-05-07,21.585341525298674
Gujranwala,2026-05-07,29.397153774059756
Quetta,2026-05-07,19.379428024010316
Sialkot,2026-05-07,30.936988829129287
Hyderabad,2026-05-07,18.173057683636216
Bahawalpur,2026-05-07,33.924647192900224
Sargodha,2026-05-07,45.14132405387321
Sukkur,2026-05-07,25.20244301943429
Larkana,2026-05-07,36.081777582051984
Lahore,2026-05-08,86.54501756459895
Karachi,2026-05-08,18.974348963824312
Islamabad,2026-05-08,35.57843838629031
Faisalabad,2026-05-08,90.81619258320364
Rawalpindi,2026-05-08,36.25626126122103
Multan,2026-05-08,58.62442170974451
Peshawar,2026-05-08,25.719332593284367
Gujranwala,2026-05-08,58.75098180319543
Quetta,2026-05-08,18.584358328106305
Sialkot,2026-05-08,54.59225784116761
Hyderabad,2026-05-08,17.475842411161405
Bahawalpur,2026-05-08,47.764240213959695
Sargodha,2026-05-08,74.00245798106701
Sukkur,2026-05-08,21.489400905739682
Larkana,2026-05-08,31.17743859616089
Lahore,2026-05-09,83.60603578111272
Karachi,2026-05-09,19.428334522372165
Islamabad,2026-05-09,37.84854336810831
Faisalabad,2026-05-09,85.9963423548694
Rawalpindi,2026-05-09,38.639743475805176
Multan,2026-05-09,57.032957967688944
Peshawar,2026-05-09,30.156157312018664
Gujranwala,2026-05-09,59.132954254931505
Quetta,2026-05-09,19.334903701084436
Sialkot,2026-05-09,59.69111119250443
Hyderabad,2026-05-09,18.598540656434416
Bahawalpur,2026-05-09,47.54205745876211
Sargodha,2026-05-09,68.55170243424115
Sukkur,2026-05-09,24.095406763259057
Larkana,2026-05-09,31.474178500980294
Lahore,2026-05-10,91.13016228813929
Karachi,2026-05-10,19.07157390986706
Islamabad,2026-05-10,41.80517274539946
Faisalabad,2026-05-10,68.60656644501152
Rawalpindi,2026-05-10,42.09687596085228
Multan,2026-05-10,50.37668359992625
Peshawar,2026-05-10,33.646707649677886
Gujranwala,2026-05-10,69.43441741955411
Quetta,2026-05-10,31.190211425108167
Sialkot,2026-05-10,66.910771153816
Hyderabad,2026-05-10,17.3210817415715
Bahawalpur,2026-05-10,38.248030707107056
Sargodha,2026-05-10,61.1845919342485
Sukkur,2026-05-10,24.235256491910093
Larkana,2026-05-10,37.355630205844065
Lahore,2026-05-11,100.1153309390348
Karachi,2026-05-11,19.17414450291178
Islamabad,2026-05-11,40.638446595866036
Faisalabad,2026-05-11,89.27490432378923
Rawalpindi,2026-05-11,41.126153269081
Multan,2026-05-11,65.83904153108602
Peshawar,2026-05-11,32.192765061130515
Gujranwala,2026-05-11,71.48749741349015
Quetta,2026-05-11,35.13125447256996
Sialkot,2026-05-11,69.32715178332785
Hyderabad,2026-05-11,19.319228799921795
Bahawalpur,2026-05-11,55.01971391930711
Sargodha,2026-05-11,67.36180479513165
Sukkur,2026-05-11,27.7536487007574
Larkana,2026-05-11,42.99901992875563
Lahore,2026-05-12,67.0229640599844
Karachi,2026-05-12,25.053633748802678
Islamabad,2026-05-12,43.97008418961162
Faisalabad,2026-05-12,63.83452563122424
Rawalpindi,2026-05-12,44.5918548398119
Multan,2026-05-12,71.70152750558631
Peshawar,2026-05-12,30.704209093753338
Gujranwala,2026-05-12,56.75736098307582
Quetta,2026-05-12,35.33539242049489
Sialkot,2026-05-12,58.65627984897792
Hyderabad,2026-05-12,24.642357596307935
Bahawalpur,2026-05-12,71.29511615679485
Sargodha,2026-05-12,52.54249249172229
Sukkur,2026-05-12,32.075917513039634
Larkana,2026-05-12,44.15722922888441
Lahore,2026-05-13,64.0284475316043
Karachi,2026-05-13,23.544461260968866
Islamabad,2026-05-13,28.436539260713825
Faisalabad,2026-05-13,62.109526000907735
Rawalpindi,2026-05-13,29.03113172454546
Multan,2026-05-13,71.90304484950424
Peshawar,2026-05-13,29.761653933905542
Gujranwala,2026-05-13,49.91332036381565
Quetta,2026-05-13,25.009053402903913
Sialkot,2026-05-13,46.84213698144363
Hyderabad,2026-05-13,25.179983777753428
Bahawalpur,2026-05-13,78.0703143978934
Sargodha,2026-05-13,54.01167303722478
Sukkur,2026-05-13,42.58572963293677
Larkana,2026-05-13,46.19083325819535
Lahore,2026-05-14,50.34376295140499
Karachi,2026-05-14,12.448720644064029
Islamabad,2026-05-14,26.22540631131683
Faisalabad,2026-05-14,61.516774033739594
Rawalpindi,2026-05-14,26.548506720744918
Multan,2026-05-14,66.00231781545729
Peshawar,2026-05-14,24.098607528018807
Gujranwala,2026-05-14,38.52008248990703
Quetta,2026-05-14,31.654784111941783
Sialkot,2026-05-14,38.2461216600654
Hyderabad,2026-05-14,12.165703228333236
Bahawalpur,2026-05-14,63.32667530493908
Sargodha,2026-05-14,54.31074484727689
Sukkur,2026-05-14,45.32645332419815
Larkana,2026-05-14,47.48070651838493
Lahore,2026-05-15,48.44481301583633
Karachi,2026-05-15,12.637357224778777
Islamabad,2026-05-15,25.43226478099378
Faisalabad,2026-05-15,55.677372866004866
Rawalpindi,2026-05-15,25.64019831186597
Multan,2026-05-15,49.877979908728264
Peshawar,2026-05-15,20.17503635635502
Gujranwala,2026-05-15,39.74230533844014
Quetta,2026-05-15,33.623775334882374
Sialkot,2026-05-15,42.094341290924135
Hyderabad,2026-05-15,13.47567236306443
Bahawalpur,2026-05-15,53.58941911636668
Sargodha,2026-05-15,49.590893989550125
Sukkur,2026-05-15,21.254854741538168
Larkana,2026-05-15,38.207218950319735
Lahore,2026-05-16,46.62931580837644
Karachi,2026-05-16,19.863782576055545
Islamabad,2026-05-16,28.039498873976928
Faisalabad,2026-05-16,63.39883230365419
Rawalpindi,2026-05-16,28.036878447264233
Multan,2026-05-16,59.54956976357494
Peshawar,2026-05-16,24.584998448151655
Gujranwala,2026-05-16,40.405898808469075
Quetta,2026-05-16,31.367563994520207
Sialkot,2026-05-16,45.32289113137622
Hyderabad,2026-05-16,18.87350379059464
Bahawalpur,2026-05-16,52.16700471903892
Sargodha,2026-05-16,53.44650553847928
Sukkur,2026-05-16,29.51407516416192
Larkana,2026-05-16,46.622345242342085
Lahore,2026-05-17,42.54376889525118
Karachi,2026-05-17,20.379160154276452
Islamabad,2026-05-17,19.03126456794746
Faisalabad,2026-05-17,66.95656268745482
Rawalpindi,2026-05-17,19.183696506214165
Multan,2026-05-17,57.25008327495915
Peshawar,2026-05-17,25.20458366461753
Gujranwala,2026-05-17,32.920561859159726
Quetta,2026-05-17,34.16213751730256
Sialkot,2026-05-17,32.4302788281589
Hyderabad,2026-05-17,20.25838813551139
Bahawalpur,2026-05-17,45.64470826674604
Sargodha,2026-05-17,54.51881688740633
Sukkur,2026-05-17,32.33028723792988
Larkana,2026-05-17,43.062288365117126
Lahore,2026-05-18,53.56902783847723
Karachi,2026-05-18,21.088315615126216
Islamabad,2026-05-18,29.239922778101686
Faisalabad,2026-05-18,66.1510632937734
Rawalpindi,2026-05-18,29.248294184362134
Multan,2026-05-18,36.093994909981625
Peshawar,2026-05-18,32.908518332597225
Gujranwala,2026-05-18,41.16220445073691
Quetta,2026-05-18,31.31388187829669
Sialkot,2026-05-18,44.815448956567515
Hyderabad,2026-05-18,19.65955123265002
Bahawalpur,2026-05-18,24.947297950422747
Sargodha,2026-05-18,62.63401061619042
Sukkur,2026-05-18,30.335580199251293
Larkana,2026-05-18,45.78958200171334
Lahore,2026-05-19,50.68348299837026
Karachi,2026-05-19,20.943433765019392
Islamabad,2026-05-19,29.419389657449102
Faisalabad,2026-05-19,40.715945077024045
Rawalpindi,2026-05-19,29.86533831817093
Multan,2026-05-19,52.67295974175542
Peshawar,2026-05-19,30.982344038458606
Gujranwala,2026-05-19,43.65547413420285
Quetta,2026-05-19,42.505922398708336
Sialkot,2026-05-19,53.9100691560783
Hyderabad,2026-05-19,23.025214636338116
Bahawalpur,2026-05-19,36.68640848034506
Sargodha,2026-05-19,54.208039356441226
Sukkur,2026-05-19,46.41772123798936
Larkana,2026-05-19,61.68558511286733
Lahore,2026-05-20,56.15274967135131
Karachi,2026-05-20,25.058684956118345
Islamabad,2026-05-20,29.697360793645572
Faisalabad,2026-05-20,62.11619034519782
Rawalpindi,2026-05-20,29.917400903972702
Multan,2026-05-20,66.96853562176949
Peshawar,2026-05-20,30.33994312821401
Gujranwala,2026-05-20,47.345242980218636
Quetta,2026-05-20,39.99384351663264
Sialkot,2026-05-20,46.3454522192947
Hyderabad,2026-05-20,25.356037536700782
Bahawalpur,2026-05-20,47.76441050087972
Sargodha,2026-05-20,57.18464367938924
Sukkur,2026-05-20,40.28161777390964
Larkana,2026-05-20,55.139737342826116
Lahore,2026-05-21,50.5292024594087
Karachi,2026-05-21,28.502536134707906
Islamabad,2026-05-21,30.486263715426553
Faisalabad,2026-05-21,52.14235566396698
Rawalpindi,2026-05-21,30.513420331995622
Multan,2026-05-21,42.63134682339884
Peshawar,2026-05-21,28.64372360041519
Gujranwala,2026-05-21,38.12853912019977
Quetta,2026-05-21,53.394432170691665
Sialkot,2026-05-21,38.08041348918323
Hyderabad,2026-05-21,31.052952876796624
Bahawalpur,2026-05-21,37.64061019038084
Sargodha,2026-05-21,40.2444291453117
Sukkur,2026-05-21,46.48655339919909
Larkana,2026-05-21,59.31786917314487
Lahore,2026-05-22,47.31924372564231
Karachi,2026-05-22,31.258213829287428
Islamabad,2026-05-22,32.84464441869366
Faisalabad,2026-05-22,58.98092694586957
Rawalpindi,2026-05-22,32.89616844845667
Multan,2026-05-22,54.773870533379295
Peshawar,2026-05-22,28.584185426024554
Gujranwala,2026-05-22,39.246170572319585
Quetta,2026-05-22,36.61260217607629
Sialkot,2026-05-22,39.996483120558175
Hyderabad,2026-05-22,32.28851775829454
Bahawalpur,2026-05-22,48.94583422279626
Sargodha,2026-05-22,47.88833035341672
Sukkur,2026-05-22,54.54626920447333
Larkana,2026-05-22,66.62859295892127
Lahore,2026-05-23,45.60008879516861
Karachi,2026-05-23,32.958591360372665
Islamabad,2026-05-23,27.663184642932613
Faisalabad,2026-05-23,59.63648501523704
Rawalpindi,2026-05-23,27.69720692572885
Multan,2026-05-23,52.887011872036204
Peshawar,2026-05-23,24.61444941204149
Gujranwala,2026-05-23,36.60494420426838
Quetta,2026-05-23,40.17007232595586
Sialkot,2026-05-23,36.12270770408981
Hyderabad,2026-05-23,30.198947451212742
Bahawalpur,2026-05-23,48.32864813973373
Sargodha,2026-05-23,50.74530832385619
Sukkur,2026-05-23,50.4365853467473
Larkana,2026-05-23,63.65356178541829
Lahore,2026-05-24,43.401964385232056
Karachi,2026-05-24,28.226745744183077
Islamabad,2026-05-24,26.463232379975654
Faisalabad,2026-05-24,48.925657781550264
Rawalpindi,2026-05-24,26.447238296659656
Multan,2026-05-24,56.05599621354269
Peshawar,2026-05-24,21.645821098500072
Gujranwala,2026-05-24,32.81145431490428
Quetta,2026-05-24,56.51102770406365
Sialkot,2026-05-24,34.07323331251655
Hyderabad,2026-05-24,29.66016577883219
Bahawalpur,2026-05-24,40.09230581214089
Sargodha,2026-05-24,35.03362123859057
Sukkur,2026-05-24,55.67808801227398
Larkana,2026-05-24,67.82973259927064
Lahore,2026-05-25,34.13494444369182
Karachi,2026-05-25,26.254011153115954
Islamabad,2026-05-25,19.394074418344385
Faisalabad,2026-05-25,43.56978285849996
Rawalpindi,2026-05-25,19.329901018763103
Multan,2026-05-25,40.079947030416015
Peshawar,2026-05-25,16.968787234598416
Gujranwala,2026-05-25,28.128911760236598
Quetta,2026-05-25,27.181729112745916
Sialkot,2026-05-25,29.53110165450737
Hyderabad,2026-05-25,29.888307499266613
Bahawalpur,2026-05-25,36.695575049421656
Sargodha,2026-05-25,43.28858282278369
Sukkur,2026-05-25,41.353081446857736
Larkana,2026-05-25,51.61960765457721
Lahore,2026-05-26,39.045527031922994
Karachi,2026-05-26,23.286308778672
Islamabad,2026-05-26,17.965716416620502
Faisalabad,2026-05-26,53.46119622209664
Rawalpindi,2026-05-26,18.128370729867513
Multan,2026-05-26,52.3138312738847
Peshawar,2026-05-26,19.936172805194253
Gujranwala,2026-05-26,24.433393325975686
Quetta,2026-05-26,20.555954425217667
Sialkot,2026-05-26,27.857586695644734
Hyderabad,2026-05-26,26.211496514221793
Bahawalpur,2026-05-26,38.23621285650229
Sargodha,2026-05-26,41.136366260171314
Sukkur,2026-05-26,32.624191977217095
Larkana,2026-05-26,42.90252793189606
Lahore,2026-05-27,44.06469096539873
Karachi,2026-05-27,21.309100475605742
Islamabad,2026-05-27,23.437932048840654
Faisalabad,2026-05-27,64.60717608766014
Rawalpindi,2026-05-27,23.519241419024684
Multan,2026-05-27,50.360930771885734
Peshawar,2026-05-27,23.0093367026285
Gujranwala,2026-05-27,33.10379334518233
Quetta,2026-05-27,40.63953844710623
Sialkot,2026-05-27,33.74309316524154
Hyderabad,2026-05-27,22.191761033908346
Bahawalpur,2026-05-27,31.059590933691073
Sargodha,2026-05-27,49.664033265762015
Sukkur,2026-05-27,38.18164915013873
Larkana,2026-05-27,43.874184448610116
Lahore,2026-05-28,51.59094989012451
Karachi,2026-05-28,21.042777887691194
Islamabad,2026-05-28,20.828205476605472
Faisalabad,2026-05-28,48.609187649398905
Rawalpindi,2026-05-28,20.870566847104364
Multan,2026-05-28,41.749758671641445
Peshawar,2026-05-28,13.55281876354771
Gujranwala,2026-05-28,36.433273619274544
Quetta,2026-05-28,46.39396251079611
Sialkot,2026-05-28,33.75975007904457
Hyderabad,2026-05-28,23.458725140827347
Bahawalpur,2026-05-28,36.56992306136833
Sargodha,2026-05-28,44.31870633444153
Sukkur,2026-05-28,39.786069314218935
Larkana,2026-05-28,48.62455529351215
Lahore,2026-05-29,128.07844066232158
Karachi,2026-05-29,21.59909241205272
Islamabad,2026-05-29,32.586349220646596
Faisalabad,2026-05-29,93.76199153839829
Rawalpindi,2026-05-29,32.93031168384784
Multan,2026-05-29,59.5575787432029
Peshawar,2026-05-29,15.436311893527826
Gujranwala,2026-05-29,74.34836897632718
Quetta,2026-05-29,32.13076701254538
Sialkot,2026-05-29,59.09013974290859
Hyderabad,2026-05-29,23.987686537160155
Bahawalpur,2026-05-29,55.90323750541104
Sargodha,2026-05-29,70.54673863885562
Sukkur,2026-05-29,40.798167503153635
Larkana,2026-05-29,43.756723879306435
Lahore,2026-05-30,120.821120523367
Karachi,2026-05-30,22.391892297622352
Islamabad,2026-05-30,66.65479526922302
Faisalabad,2026-05-30,121.78391655809787
Rawalpindi,2026-05-30,66.93555331666931
Multan,2026-05-30,78.66712056259615
Peshawar,2026-05-30,65.58163822371436
Gujranwala,2026-05-30,65.38280431463451
Quetta,2026-05-30,23.078568634693106
Sialkot,2026-05-30,57.62974992400101
Hyderabad,2026-05-30,26.342686438039184
Bahawalpur,2026-05-30,71.48133617032909
Sargodha,2026-05-30,104.39021383684735
Sukkur,2026-05-30,42.26371136641082
Larkana,2026-05-30,45.639311844539456
Lahore,2026-05-31,77.93224867335583
Karachi,2026-05-31,20.701967738358572
Islamabad,2026-05-31,67.52593166046158
Faisalabad,2026-05-31,84.533818577571
Rawalpindi,2026-05-31,67.50100349447982
Multan,2026-05-31,58.8221022662724
Peshawar,2026-05-31,68.46296220312334
Gujranwala,2026-05-31,62.31602574634171
Quetta,2026-05-31,47.5657296845086
Sialkot,2026-05-31,59.33943163387362
Hyderabad,2026-05-31,22.66726959288397
Bahawalpur,2026-05-31,53.03650705827001
Sargodha,2026-05-31,87.798942695469
Sukkur,2026-05-31,32.13830867508957
Larkana,2026-05-31,43.69786915189472
